.DS_Store	14340	1784171330	853484299d813eed647bba2067d62f7746a7e42df5c53284774b6a557e515440
.github/workflows/ci.yml	1867	1780653631	6e9dc23e4986b39824cacc65f439fe4fb2c19411ab6dbe39e24e717d2ac25ad4
.github/workflows/deploy.yml	968	1780653714	b4c6da720f39ffe0d1d586b6951897eccb2b3d6754b4ce472cb6d915bc7da136
.gitignore	409	1780721979	26769999e61dfe15ae763c1de99e24644f53d9fa54a9a445bef1013be6604319
AUDIT_FULL_OMDALA_COM_2026-06-04.md	15329	1780558373	4b53183638fed635950a15a8a0caac34c417b8d0ebd81f65a6b437f27e4103b3
DEVLOG.md	1297	1779092586	cd4b4d8b1cf25a051c87e53a398b956bbf2510c9e2e1c295ed698b3291bad017
MACBOOK_OPTIMIZATION.md	1989	1779934694	db58002559d3b3c4d2048d79cd36dd53ddcd1f82bf44c709066c485f627d8df6
O	4581	1783321291	31d834750b30c35623fec927731cb94df643fb81f47f0cbd7234a227c696bcd8
Om	4581	1783321291	31d834750b30c35623fec927731cb94df643fb81f47f0cbd7234a227c696bcd8
Omone	4581	1783321291	31d834750b30c35623fec927731cb94df643fb81f47f0cbd7234a227c696bcd8
Omone.om	4581	1783321291	31d834750b30c35623fec927731cb94df643fb81f47f0cbd7234a227c696bcd8
Omone.omd	4581	1783321291	31d834750b30c35623fec927731cb94df643fb81f47f0cbd7234a227c696bcd8
Omone.omdala	4581	1783321291	31d834750b30c35623fec927731cb94df643fb81f47f0cbd7234a227c696bcd8
Omone.omdala.com/.DS_Store	6148	1784169430	000e1a0ef5f405b121f4f324f94e8dcf5256cd2dc061e3b27098d6d63f047a07
Omone.omdala.com/.env.example	3189	1783428390	29d0a83afd9e07bf4bc33bd9e10ddc1392f24c44a8d64c155e4b5efa5c89dac4
Omone.omdala.com/.github/workflows/ci.yml	2862	1783405961	5f897a771028d19d5e1d11f0e3e1ef0ab16dcf0a545d1e78235b55db7cb74f6c
Omone.omdala.com/.github/workflows/deploy-staging.yml	4581	1783405961	31d834750b30c35623fec927731cb94df643fb81f47f0cbd7234a227c696bcd8
Omone.omdala.com/.gitignore	455	1783405961	e495ca710244ba5432a590ab81fffabf20e025d6c472d6793f45ff894f18bc23
Omone.omdala.com/AGENTS.md	1479	1782054320	78da8b6267c394b150f8dffec0b43cc8c393992eeb0fc692faa00640e6dfdc8e
Omone.omdala.com/BLOCKERS_CHECKLIST.md	4136	1783500701	058c48cc383b8e850006abb8ecbedcdef2f1525d29f5a10625abb78828fff35b
Omone.omdala.com/FINAL_REPORT.md	4847	1782054278	cc0ae77bdb0a82ecc2b64297867364434ea53e4221aab984a0d81ab8e794ea2b
Omone.omdala.com/GITHUB_SECRETS_GUIDE.md	2565	1783503346	393f135fa85c5139e653b0d04d26492ae2cf9d17b700df6e3996e98bacd21ed8
Omone.omdala.com/OMONE_BUILD_PLAN_2026-07-06.md	18201	1783405961	1e49d30547ff4e6e16ae715d8efba9be4fcfc8e2ac8267b9dc4936391f6c1e8d
Omone.omdala.com/OMONE_MASTER_CHANGE_CONTROL_COMMAND_2026.md	6041	1782055054	2268b73b3c7b67bece4779ddb8841c1f2a256a7c6e1baa37906fa39b1b349823
Omone.omdala.com/OMONE_MASTER_CONTROL_TOWER_COMMAND_2026.md	20918	1782055024	c67a464d24b377a819c8eae0eb7f02ecef521f5e5acee3bcf716685469c6410e
Omone.omdala.com/ONEM_DETAILED_PLAN_2026.md	16027	1782167608	39422f0d4bd23913b1977ccd1bf69da9a37f8f2c1dc912691ae8d7bf11d32205
Omone.omdala.com/PRIORITY_1_STATUS_REPORT.md	4969	1783503606	ebf1080762b1358fdaff71504a7a7ef9c795e8e37f3672dd6e7cb859436060e5
Omone.omdala.com/PROJECT_EXECUTION_BOARD.md	4838	1782054176	136d5d218ab5ba26cdaa7c446119477faf47f0f619b1616c8237735ce0b00a4d
Omone.omdala.com/README.md	5133	1783405961	8cd8fcbfc7922704658ff28f883d4065743c50f076a1310224aa0ecf7a1f176f
Omone.omdala.com/README_DEPLOYMENT.md	4212	1783500671	07686a06f2c28c7b4b7934ce9e2e03ba7d614ef1793ab0d7197f049c39e3dafa
Omone.omdala.com/apps/.DS_Store	6148	1783501620	4ad42a3301c55d691bdcc28056b84724923b9bde23c9fa5b19616c90059486c0
Omone.omdala.com/apps/admin-web/next-env.d.ts	268	1782053756	f4e8976c19fc926644d72610bf1058bd6bf52add97e46a02bc0b912a751625c0
Omone.omdala.com/apps/admin-web/next.config.mjs	196	1782129898	25dd3ada07306ece667bee119d1d6001badfd770462dd763b1d1b6be6f5869de
Omone.omdala.com/apps/admin-web/package.json	709	1782129898	cfbcd46c87615f19def6bcf8d9a18d5f964f7e461ed52df5cd0ad0a6efb4c2e7
Omone.omdala.com/apps/admin-web/src/app/admin/ai/page.tsx	4587	1783423966	3ad1b1917c9fd7cd19fdbefcffab5fa63980b18eda982705ed0cab6082e51979
Omone.omdala.com/apps/admin-web/src/app/admin/audit/page.tsx	1587	1782129898	eee772a064666ec0efd3601ad8a9f68b782bc9c7c66b2f82cf8994cb25f4a73f
Omone.omdala.com/apps/admin-web/src/app/admin/automation/page.tsx	5430	1783423995	68f29e6282ecbda1f5dff78a85e7c57b9d6c395e3b46fa1962df17eadd2de0d5
Omone.omdala.com/apps/admin-web/src/app/admin/batches/page.tsx	1763	1782129898	faba3b898781cef1edd4d9ef139d8ad49c1890eec8397c19e033ec5cab48330f
Omone.omdala.com/apps/admin-web/src/app/admin/bookings/page.tsx	2964	1783423238	796986edbcb5a4fbf8d2dbefac74c2e20d17f665017635f95a12bf38ec49caa0
Omone.omdala.com/apps/admin-web/src/app/admin/cycles/page.tsx	1540	1782129898	02d60fcd7ec544bc695739f6ce32cd64e7fbd6489c220414136d22183d06ee53
Omone.omdala.com/apps/admin-web/src/app/admin/dashboard/page.tsx	4308	1783408608	8224c5b456414bc124acf1033e3feae25517d7fee344b22527d7c5b7c0009000
Omone.omdala.com/apps/admin-web/src/app/admin/experiences/page.tsx	4532	1783423192	046b76c781aac8bcf3c8451b5bc361c94b9ced3d1302a4a84f0d54a05cdba00a
Omone.omdala.com/apps/admin-web/src/app/admin/farms/[farmId]/farm-detail-client.tsx	1270	1782129924	e931cd31a8c7354bc7a7d7e7eee649b9f18000ad753669ed69afac9a42499cbc
Omone.omdala.com/apps/admin-web/src/app/admin/farms/[farmId]/page.tsx	216	1782130002	4790a5cac77b02d2b397058fddc25dc6e0c856e5ea077d2ab42959323b24d80b
Omone.omdala.com/apps/admin-web/src/app/admin/farms/new/page.tsx	1773	1783321613	ba4f8912a37bdc2e033b589d642a5df635015c6f3971a26fd8c9accdd560e4d8
Omone.omdala.com/apps/admin-web/src/app/admin/farms/page.tsx	1604	1782129898	b82ca32d59386852a143665706b8b4384568d3e80a60d2fe048eba908af1dfeb
Omone.omdala.com/apps/admin-web/src/app/admin/harvests/page.tsx	1531	1782129898	92ffde0ddd4f17d17037542919b977a5d1b3d489321cc6ce86fa4fb37e6f32e1
Omone.omdala.com/apps/admin-web/src/app/admin/incidents/page.tsx	1560	1782129898	3557179f7f97090f061b8e7134269b080b63ea6894a791904d0fed9a9fd3c1bd
Omone.omdala.com/apps/admin-web/src/app/admin/inventory/page.tsx	1700	1782129898	dc6808b9398fa662fab35f7e782b4d3ebba200c9f947f4c76a5e44c09b599dba
Omone.omdala.com/apps/admin-web/src/app/admin/iot/page.tsx	3622	1783423938	c311258e6243255a8e2f9afb2842ff7e7ff027813eaa93708bfe26439305d9d6
Omone.omdala.com/apps/admin-web/src/app/admin/layout.tsx	1347	1783424261	6aa1aa099c25c78904d44ac4a03c4a5b396ae1c0c8df2c75b44ef1cd71bafdd9
Omone.omdala.com/apps/admin-web/src/app/admin/logs/page.tsx	1491	1782129898	744261ec58d2032eba5efee2db7471cccb293df7b64eb8a9eae6f49341e827fa
Omone.omdala.com/apps/admin-web/src/app/admin/mfa/page.tsx	4267	1783424247	d14dcec4db7530efbb8217980cbfb169fe26f5926283bc526a72561bdab55571
Omone.omdala.com/apps/admin-web/src/app/admin/orders/page.tsx	2930	1783423170	5e3f308a8f9f889d199f610271397fe144fd84a68bc48e24d5afb70cbc935094
Omone.omdala.com/apps/admin-web/src/app/admin/page.tsx	675	1782053034	4269fb2c7720399ff08e111de959b8619e7641315a3722855f39c952b122c6dc
Omone.omdala.com/apps/admin-web/src/app/admin/products/page.tsx	4205	1783423154	e7a8f5b0303e3ddf81d9bd3d8bf39126bed0176162e4700b640fe27e75fe6f6b
Omone.omdala.com/apps/admin-web/src/app/admin/settings/page.tsx	772	1782053212	93dc64000a26ea5d1881e51be04b1f703fa50b6ececa5cc253d707ea36f73d87
Omone.omdala.com/apps/admin-web/src/app/admin/tasks/[taskId]/page.tsx	216	1782130008	643e8e20ce3663383fe5226902dbe123ce537dbac1315c5bcdc7cc8ce1a9ce2d
Omone.omdala.com/apps/admin-web/src/app/admin/tasks/[taskId]/task-detail-client.tsx	1580	1782129938	670121aae15b50e5ecec5702ad7bc257af704846077d5302b7060d7dcd9d5ff4
Omone.omdala.com/apps/admin-web/src/app/admin/tasks/new/page.tsx	3253	1783321613	742f9e8e2bb6387af23e3b4eacaf005e53648bd8f49ca79a2c339f0e5807a930
Omone.omdala.com/apps/admin-web/src/app/admin/tasks/page.tsx	1901	1782129898	8615c1fc4c7f85b89758c85adc0b29f4096ea23bad5a8a759431eaa30609dbe0
Omone.omdala.com/apps/admin-web/src/app/admin/traceability/page.tsx	341	1782053224	be1343700d166de6a7cf154af40a51656211f5eca4be2fb9c8daae5d0d781f50
Omone.omdala.com/apps/admin-web/src/app/admin/users/page.tsx	508	1783406688	966e70ee80efa0e995e4ef25649dd94f12c4cddd777fcdebd0630897874ed53a
Omone.omdala.com/apps/admin-web/src/app/admin/zones/new/page.tsx	2543	1783321613	3f19abdda17436c0ff5a5505c5b954c5172963e0d9e3286ceb091bc1cf2c2294
Omone.omdala.com/apps/admin-web/src/app/admin/zones/page.tsx	1483	1782129898	3472dd4841c7c8757538a5546b84657fd2978b56d58559bac9c73a1c7891846b
Omone.omdala.com/apps/admin-web/src/app/app/api-keys/page.tsx	3641	1783321613	8c0f8cd03c9a3d583d96a0e267a0804b9324f6322b4533ee81dec414e9cb572e
Omone.omdala.com/apps/admin-web/src/app/app/audit/page.tsx	1261	1783321613	d8e319f59b178c192dccdfd7e405f12549789fd1b7faa911464f8d1440f6bd97
Omone.omdala.com/apps/admin-web/src/app/app/billing/page.tsx	5730	1783321613	da8a1d4b5f2bf5e0be07092b04eee1760574e2be6c0df757c96c4f017ba08473
Omone.omdala.com/apps/admin-web/src/app/app/dashboard/page.tsx	2610	1783321613	38a8b1b8c538acce32016e72679b4acf6ff639273e4b6730ac6ecb0be31f1d9d
Omone.omdala.com/apps/admin-web/src/app/app/integrations/page.tsx	1116	1782056440	6f4a03761eb03b5dd4381fd7185ba96e66a05ee5f56b89da2cb07a7cb949fd3e
Omone.omdala.com/apps/admin-web/src/app/app/layout.tsx	1432	1782056392	9cda78ead5aceb5a3b48f939cdced1aa8408a1271d36f108a8832a045e1443ec
Omone.omdala.com/apps/admin-web/src/app/app/onboarding/page.tsx	11655	1783321613	d8ab5f378afe75e5f997464d3919a382fd2a57ad213c11edbceba829f4fcac16
Omone.omdala.com/apps/admin-web/src/app/app/page.tsx	2182	1782056408	a567f1d55e695a72f490232abed3939f784e00a14167472938532ff18c446e9f
Omone.omdala.com/apps/admin-web/src/app/app/settings/page.tsx	1056	1782056464	76dfd43c75b0d29be2fc1ab480805918634087187ce9396ac90d0737d55c1fb7
Omone.omdala.com/apps/admin-web/src/app/app/team/page.tsx	8117	1783407364	f7f415b7ac42dc20aca240c8f374d3a38c7ad9314d307e083c4530ab4b63c382
Omone.omdala.com/apps/admin-web/src/app/app/usage/page.tsx	2594	1783321613	72454003d3677d8ea4981cd2f2999293bb940287d0854c984986210efce750e6
Omone.omdala.com/apps/admin-web/src/app/control/audit/page.tsx	1421	1783321613	1b404c5b181851ec2a4d12c59de9c01a29a96c0a3c330b3e4992708f6abc6569
Omone.omdala.com/apps/admin-web/src/app/control/deployments/page.tsx	448	1782056566	41b496d08c5d3798e4476696582e1e30188e7512fe64fb4a822ee88d20a040a2
Omone.omdala.com/apps/admin-web/src/app/control/feature-flags/page.tsx	1236	1783321613	ab8921969b632e6e292e60273a89abaa42c79000ec82db783da05aca7a9a9450
Omone.omdala.com/apps/admin-web/src/app/control/incidents/page.tsx	456	1782056554	3ae51b37f13a8f29cbea3e708a07f9411513a1c9b364730c8d709137cf94314a
Omone.omdala.com/apps/admin-web/src/app/control/layout.tsx	1207	1782056476	78c6419fc5ba45aa15121b698224f88b5a8b9e122c194c4d073741d90f305689
Omone.omdala.com/apps/admin-web/src/app/control/organizations/page.tsx	2021	1783321613	696e53bf99de0d3741fe9ca6fb6020d25a0c85b8677ef99a17271943060c0c86
Omone.omdala.com/apps/admin-web/src/app/control/page.tsx	1305	1782056490	2675eddab93fadef427bc97e60f1fa362f00dccfca98939bbd52353543a0e9a2
Omone.omdala.com/apps/admin-web/src/app/control/subscriptions/page.tsx	1958	1783321613	27bdc9ce0f1f64b3ac96e82c86a53dbd72791c6ac85fbe5e7bb2b86d67c327cf
Omone.omdala.com/apps/admin-web/src/app/control/usage/page.tsx	1308	1783321613	0aad593ef47d3534a3ef41946c15d52d9e17e4ea96ab3d140ec677f1fe9ddc14
Omone.omdala.com/apps/admin-web/src/app/control/users/page.tsx	1779	1783321613	ee7579192dcd5d734a881d66eb9e83ba806eab9737521c646de7b6a0df539ccc
Omone.omdala.com/apps/admin-web/src/app/globals.css	1644	1782053008	ae3bb0a253da9d56e65d82721d69b5123d722c6a271aaa2ae314b7cedf7618a4
Omone.omdala.com/apps/admin-web/src/app/invite/accept/InviteAcceptForm.tsx	2477	1783424640	ecfe93a270dcd0a7588e3d26ff3192c3f462558a7b9643c3f8b37bfe7ef0a334
Omone.omdala.com/apps/admin-web/src/app/invite/accept/page.tsx	272	1783424643	27c4e0aae52cd9edcdc753ac9a3d5e4619c0983650dafc594240ef26289a1345
Omone.omdala.com/apps/admin-web/src/app/layout.tsx	395	1782052994	ff6940c8e10da917db2abee3dac10fe3e45e8eaf8a0fe5850c63d44831b5ec7b
Omone.omdala.com/apps/admin-web/src/app/login/page.tsx	1675	1783321613	f9f521d686987daec7aad103a65cb4d2cf9c42d64a74f80202b32da306a08018
Omone.omdala.com/apps/admin-web/src/app/page.tsx	106	1782053244	b81b29e32fccb2e6eab552d466195415d45fc013838c23a37146fbc5628eebc5
Omone.omdala.com/apps/admin-web/src/app/reset-password/page.tsx	3957	1783321613	285af502287198602a7e97bca3f03bc4f0f80b3de822d9eb9c6ba7a0c74aece3
Omone.omdala.com/apps/admin-web/src/app/signup/page.tsx	3386	1783321613	38b42d7df640ea0abd61a24301f6466f416132ddaf9dc8abe78a6886c5963873
Omone.omdala.com/apps/admin-web/src/app/verify-email/page.tsx	4073	1783321613	5692467a7cc0d84bf8a1a2cda86350218b723b931f5e72672515b0e405063c69
Omone.omdala.com/apps/admin-web/src/lib/api-base.ts	417	1783405961	31697296358f7448d385361d9c3c17102cf7892c159fbe728371e787fc9ab206
Omone.omdala.com/apps/admin-web/src/lib/api.ts	1073	1782129898	bffdc59940bf9ca3343e15b956a4b220cd85aac574767c5b55f6202e3405bd04
Omone.omdala.com/apps/admin-web/tsconfig.json	511	1782054828	4f881c7c6290f2e5844998b2fc01e76d32b208ff9246ceebf42a43546aa77b21
Omone.omdala.com/apps/admin-web/tsconfig.tsbuildinfo	149543	1783424904	5867b4992262f3fd4aaed2526ab046abb478db7dd60f560623265b77ffbc42d6
Omone.omdala.com/apps/admin-web/wrangler.jsonc	348	1782130676	7a2da323f076b114df3dbaa1a01ad6ae875cab2259eb8209572cb9bd7af2346c
Omone.omdala.com/apps/api/package.json	1108	1783424098	0563089f23741e866bf5de64c386e2a9ed6f51d2c961aa2bc8d4f150035b292a
Omone.omdala.com/apps/api/src/app-type.ts	407	1782049904	13d65cec5d27bc07be83e8a71846aa4a1cdf94b9a10ea7e85f3148c8574c2d00
Omone.omdala.com/apps/api/src/app.ts	4307	1783424192	3a6b95d912ebe29c3935a8fb5c063916a584ade6ab6086b39c1dd4f92b551d0c
Omone.omdala.com/apps/api/src/db-helpers.ts	1165	1782049570	384b0b70cb21959fded63271f74e7f34cdf31aad97f7d9408932715af0140425
Omone.omdala.com/apps/api/src/entitlements.ts	5907	1782738966	67b949b39c8d45ba60732ef3ef2c7996eae5c139fbc39de3324274b2bcd31391
Omone.omdala.com/apps/api/src/errors.ts	1407	1782056134	84a13b5168f4e0911ceb28aa61672a6a245eee42e3406ad39a69557763e363ee
Omone.omdala.com/apps/api/src/middleware.ts	6057	1783424207	314472a9208f057f5c76a6b0af68ff403e52d69d37f3d4287c0754cb50298d77
Omone.omdala.com/apps/api/src/routes/ai.ts	8193	1783428379	ae7b40f51c9e4fd54175e84452c34c4766b40ecc915df6e11002446a0d1e4bf7
Omone.omdala.com/apps/api/src/routes/audit.ts	669	1782049940	a4010fbd1eaed5d52da7e80149768491726ec36a3442ee366dfc6f249885db48
Omone.omdala.com/apps/api/src/routes/auth.ts	2187	1782051008	555b68dde1032efa1664320e6443110ad6932d607705710ed9608f9214d6d18c
Omone.omdala.com/apps/api/src/routes/automation.ts	6609	1783423903	a5d1eba739cb91837dd5e85284d914a341b0fe7be230119c09e2e243d516608e
Omone.omdala.com/apps/api/src/routes/batches.ts	7220	1782739036	2bfd8b0804331057ef5a5806e7792606e5edfaf8e0b9d8e0c69f221cc8e81300
Omone.omdala.com/apps/api/src/routes/billing.ts	9232	1782739094	01d736554de7056a17d6502e09835fab1ff4d209f616faef0753dcbd68aaca2c
Omone.omdala.com/apps/api/src/routes/booking.ts	22284	1783423209	dbc4d53eede856e289ab6ef62fc31d5499d588ee960e5666acac921fed4309b2
Omone.omdala.com/apps/api/src/routes/commerce.ts	15787	1783423148	7eff042a7148503da4a7e7707bd3c966c35b7b9bea2d072ac4b3705d7b76330e
Omone.omdala.com/apps/api/src/routes/control.ts	7715	1783407067	6ee4481eec567daa8878918f77d7ca5a73a364885cd304b0faee40bdd6933686
Omone.omdala.com/apps/api/src/routes/cycles.ts	3293	1782049940	d04690869158db65be2242a07e30c9954835a767d546bd8145c9f8fcad1312ae
Omone.omdala.com/apps/api/src/routes/dashboard.ts	7508	1783408498	efc5e0f8945719f2dc811d0ce645a73d47f9136fdbde40c3fb7ed30aeb96d002
Omone.omdala.com/apps/api/src/routes/email.ts	7302	1782738874	a3e92f38aea08cf399ed390da19f0f4c01a1ce366d172a3aaa4cbf33a1b7096c
Omone.omdala.com/apps/api/src/routes/farms.ts	3771	1782738992	0e85fc96be17da254d73c4b28a01b173572c56972be49bd8b771e8f184ab2164
Omone.omdala.com/apps/api/src/routes/harvests.ts	2996	1782049940	41b70d75cbabe0e8575206a69a07f71fa2acbfe60a5817bc1bbeadaab752f1a1
Omone.omdala.com/apps/api/src/routes/health.ts	809	1783424223	78fd46ecccbe26a968cad93e0355d53ded63e32b130151913bea13d25f885e13
Omone.omdala.com/apps/api/src/routes/inventory.ts	3488	1782049940	3d6ec6cd66748b63880c55041aab7f6ba94400af0f0db3f61a6239edaf1357f1
Omone.omdala.com/apps/api/src/routes/iot.ts	7431	1783423328	986972709a28e1101185fe53fe6d8915c4c8d1701143ff2f8b2f56d74e7a546b
Omone.omdala.com/apps/api/src/routes/logs.ts	3562	1782049940	17b3128add6c6cd5f172b2c8950a836e3e28bf67d02167a618480463becf938e
Omone.omdala.com/apps/api/src/routes/me.ts	4227	1783424143	e182c8ec42be59588a407c7c2eca0c52d16d46d4ebf49e0977f35af226014da5
Omone.omdala.com/apps/api/src/routes/saas.ts	15236	1782057396	9f07565c6b9b1b0e5bab541b3ec07ce17514132bb9937cdd4f04d5e5f5474e06
Omone.omdala.com/apps/api/src/routes/signup.ts	4704	1782738892	cd6596a35eec7313d1074238ce2457a5a2616ef14945d2114769d277d4de88d4
Omone.omdala.com/apps/api/src/routes/tasks.ts	4924	1782049940	3abd9e2784f12433ac1925ebb4e9b08bf83294d13e4a7d972555dbb1deb9d7e4
Omone.omdala.com/apps/api/src/routes/trace.ts	1326	1782049940	a671f97ce0b8ebfc1ac95e9c6124acfe77fd93f135950d60a7687d9c039e74b7
Omone.omdala.com/apps/api/src/routes/users.ts	11596	1783407209	12ca01766fa8b9f2fc693aa43d7f70f2c8438dcfc20335da1ce2de560f9f4783
Omone.omdala.com/apps/api/src/routes/zones.ts	2673	1782739014	0c7ea5c624aa5c7e69dcbf9a0ea62ab5d9518dcd8463e4720c71d05fdbdd051b
Omone.omdala.com/apps/api/src/server.ts	355	1782129898	159a958ea8690b288ea66c197aaba60ec4d2ddd8fedb13f868f6bc721c0faaea
Omone.omdala.com/apps/api/src/worker.ts	930	1782129098	64cce3f2452700adf5b3eee284dade70cd0be14f169d9e0f3447ee54b1470618
Omone.omdala.com/apps/api/tsconfig.json	228	1782049528	3c56bb1e9449eb78bd9e3278c89e7800b785be6f7be53378ad5bd22b163024b5
Omone.omdala.com/apps/api/tsconfig.tsbuildinfo	595642	1783428395	68f1cf1e4c3d1eb5dd7b1248e94344d9a9026c51b7a40ac600756db476b43da7
Omone.omdala.com/apps/api/wrangler.jsonc	633	1782130668	746f92a9a10abbd722604d255a6af6fa2a3d4275462af27e34038a29094897d5
Omone.omdala.com/apps/field-pwa/next-env.d.ts	268	1782053754	f4e8976c19fc926644d72610bf1058bd6bf52add97e46a02bc0b912a751625c0
Omone.omdala.com/apps/field-pwa/next.config.mjs	196	1782129898	25dd3ada07306ece667bee119d1d6001badfd770462dd763b1d1b6be6f5869de
Omone.omdala.com/apps/field-pwa/package.json	693	1782129898	c835c3aab9b19046209583dc13dea67a8519252a7d25ef37dd9f2d57037b4ba7
Omone.omdala.com/apps/field-pwa/public/manifest.webmanifest	252	1782053448	da796b8ee6f4358cefd3a41e67fbc6f78fac213aea1dfe600dabea6ef9c589eb
Omone.omdala.com/apps/field-pwa/src/app/field/incident/new/page.tsx	3528	1782129898	cc941b04a7d0d1e5d29899080bf795dcbc3e9c917e95f3652deaab742d57d9c0
Omone.omdala.com/apps/field-pwa/src/app/field/layout.tsx	547	1782054730	5cd20ab94ea4a54133ae301498fe9b5621caf92d7169d36e52d09a6fa0c6f9e4
Omone.omdala.com/apps/field-pwa/src/app/field/log/new/page.tsx	3600	1782129898	919773fd50b068187f0a304483dc722206132d1484d308fbe558780cefb37d22
Omone.omdala.com/apps/field-pwa/src/app/field/offline-queue/page.tsx	1669	1782129896	a8601ff51f7ed28bc84128c224c27a7932780bb41d1c85aa4cc183d2ee2cf206
Omone.omdala.com/apps/field-pwa/src/app/field/page.tsx	815	1782054730	5f20ed539179f68e103296af10410cba275ee9a5845715b6a078e8b767dd9b76
Omone.omdala.com/apps/field-pwa/src/app/field/profile/page.tsx	1231	1782129898	6d0e32c5906596ecb0ccd75fe525f810b0920fe7b75ef135c91ea6ed28145780
Omone.omdala.com/apps/field-pwa/src/app/field/scan/page.tsx	765	1782054766	8390c4bccf50ecd2ca47641ac42094765cd11423e9dcde2e8fc4419990b9debc
Omone.omdala.com/apps/field-pwa/src/app/field/tasks/[taskId]/page.tsx	253	1782130118	eafc50a4380b7da1f1c08a909b94b3a52e5508441ab283b23c0031d6cb479f63
Omone.omdala.com/apps/field-pwa/src/app/field/tasks/[taskId]/task-detail-client.tsx	2785	1782130082	737f3b764d991d328118787939865dd237ee89922d6bab4f7dbe323d96d520c2
Omone.omdala.com/apps/field-pwa/src/app/field/today/page.tsx	1691	1782129898	de275e4048cf2be7856bc4c11106f5da4eebe61c09383352c7f1e23888eb9583
Omone.omdala.com/apps/field-pwa/src/app/field/zones/[zoneId]/page.tsx	247	1782130122	4d3adf147087365c6d4e06ca36e040969e6fc46131fe16567f8fef7dabcd9ad7
Omone.omdala.com/apps/field-pwa/src/app/field/zones/[zoneId]/zone-detail-client.tsx	1299	1782130102	e389a1902f79bce3227bc272053dd0d649be9543168b105cbbe25b0c64198cdf
Omone.omdala.com/apps/field-pwa/src/app/globals.css	1899	1782053444	dac3d3315140edfdf49855a3263351dc49797415bd048cd1461c275ebfdfd513
Omone.omdala.com/apps/field-pwa/src/app/layout.tsx	550	1782054730	e828eb2d228cd47ff67156db68ab600849436d2e66e60b4c9753a7c9f9cedf19
Omone.omdala.com/apps/field-pwa/src/app/login/page.tsx	1430	1782129898	d71d6e8a9f3b3609b5b58afecd38a7cb0f9b25224a7f0f702e5f1bb6ef85b004
Omone.omdala.com/apps/field-pwa/src/app/page.tsx	103	1782054730	371460a3fd58761f29317798468600928b0689f2b0fbed2ad77f1715dd24f376
Omone.omdala.com/apps/field-pwa/src/lib/api-base.ts	417	1783321473	31697296358f7448d385361d9c3c17102cf7892c159fbe728371e787fc9ab206
Omone.omdala.com/apps/field-pwa/src/lib/api.ts	303	1783405961	1615241b8b0e2d10ee56d9a79e2e15510b75f9e9e7f507f6cf7bb2d007622422
Omone.omdala.com/apps/field-pwa/tsconfig.json	511	1782054798	4f881c7c6290f2e5844998b2fc01e76d32b208ff9246ceebf42a43546aa77b21
Omone.omdala.com/apps/field-pwa/tsconfig.tsbuildinfo	126389	1783424266	7381632b1ac6bc2399b707aa20b079eb106950badf3a2fcb2f49e81118b742e4
Omone.omdala.com/apps/field-pwa/wrangler.jsonc	348	1782130688	39e85315bec26998c1651326164c3653a062354845e3ece9bc1186f7dd7ec568
Omone.omdala.com/apps/public-web/next-env.d.ts	268	1782053754	f4e8976c19fc926644d72610bf1058bd6bf52add97e46a02bc0b912a751625c0
Omone.omdala.com/apps/public-web/next.config.mjs	196	1782129898	25dd3ada07306ece667bee119d1d6001badfd770462dd763b1d1b6be6f5869de
Omone.omdala.com/apps/public-web/package.json	695	1782129898	3f7b213729101f8cb019f489933cddbc3b8d23f12368b56f58289e46d2fc208c
Omone.omdala.com/apps/public-web/public/robots.txt	89	1782057496	524b3acd391ce48909235d9304c19f7554593c145da15e0e1da5cf264eb549f2
Omone.omdala.com/apps/public-web/public/sitemap.xml	777	1782057508	442c8c2078a70c308d067bd2cc9d2f75359d57c8887282335f1f7841ad11bdef
Omone.omdala.com/apps/public-web/src/app/about/page.tsx	456	1782053344	be3a9e5b8e7fd8432eed9f12b8c4210754edb797e7bdf94d5d9d15ea70b95e73
Omone.omdala.com/apps/public-web/src/app/cart/page.tsx	3481	1783422750	db2d8d29b15758658afb641f8eb582d693449fd435991f729c9e6bf633444dcb
Omone.omdala.com/apps/public-web/src/app/checkout/page.tsx	3039	1783422761	47f880b33694d89998316bd364c74b14451a63960e235f8e1e2fdbd1dad34f84
Omone.omdala.com/apps/public-web/src/app/contact/page.tsx	289	1782053356	e15ff2d7e1ac2cf776219b86424402d00f8067df7aa7c923453702c3a141dddd
Omone.omdala.com/apps/public-web/src/app/experiences/detail/ExperienceDetail.tsx	5153	1783424858	fb16db3c4a6dd7b7647982308c212a76bd342c127b4216c5b699d6423da15e38
Omone.omdala.com/apps/public-web/src/app/experiences/detail/page.tsx	276	1783424858	e1c823d0086e851c3800e18084cb23ed7022dcc30983368895876f92c10a32e6
Omone.omdala.com/apps/public-web/src/app/experiences/page.tsx	2216	1783424865	85fd3f1465afe04f171c9a6150a632562f8745a10d324a176759ee8537558a4e
Omone.omdala.com/apps/public-web/src/app/features/page.tsx	1751	1782056634	ac560b4d776a8ffde08efc243baa8db2cf5c9b25f66defa79ff61ea8549812e9
Omone.omdala.com/apps/public-web/src/app/globals.css	1272	1782053286	e6e0301257b42b3cdbabf7246f67476c11dc904938a4a39d74d0c1534b70f5c9
Omone.omdala.com/apps/public-web/src/app/layout.tsx	426	1782053268	239de0f64c89b9dd649affe15b6dfe6ff56a1bdba3b10c33c4c28c89d5c7cd2c
Omone.omdala.com/apps/public-web/src/app/page.tsx	1575	1782053294	aac13aeef50bc9298e222ea4a6b67b2103698f38c86953d037dd43f951eecc37
Omone.omdala.com/apps/public-web/src/app/pricing/page.tsx	1917	1783405961	41b77bf0ce8a2fc4cdc47ca0a7e18aeff76f7dc88ebe179d4a8ef66ea33037f1
Omone.omdala.com/apps/public-web/src/app/privacy/page.tsx	640	1782053364	97f3f5dccd9b180ffccf15d3d5594b3f4deb30ce84d0beedb433d12319df0075
Omone.omdala.com/apps/public-web/src/app/products/detail/ProductDetail.tsx	3561	1783424832	2303e3eb93905b69583ff9f5dbd0c5a923621146c4322f68014db755c6b3ad9f
Omone.omdala.com/apps/public-web/src/app/products/detail/page.tsx	264	1783424833	57a1333cff147b9de1b8dff600d8ae134aa3c4c59a53d103b892954b9d6a34aa
Omone.omdala.com/apps/public-web/src/app/products/page.tsx	2207	1783424865	f30fcc08945c210ceb082f8def0197b0f2cd386c5ecda52de6ed0e844b5acb42
Omone.omdala.com/apps/public-web/src/app/security/page.tsx	1456	1782056622	91e3edaefe75f4103dc1b4d073842fbc80cd245bb88ad0468abbc43227e342b8
Omone.omdala.com/apps/public-web/src/app/terms/page.tsx	385	1782053370	af2adda3f90bd94335876d4c8a3fc1bfee5af8eea1ac34ea21663a6e8a8ae38a
Omone.omdala.com/apps/public-web/src/app/trace/page.tsx	3205	1782130162	6c0c425c855c684f2c3f97647e20a0360771894de2eee1945ebc7d4ebc599b02
Omone.omdala.com/apps/public-web/src/lib/api-base.ts	417	1783321475	31697296358f7448d385361d9c3c17102cf7892c159fbe728371e787fc9ab206
Omone.omdala.com/apps/public-web/tsconfig.json	511	1782054834	4f881c7c6290f2e5844998b2fc01e76d32b208ff9246ceebf42a43546aa77b21
Omone.omdala.com/apps/public-web/tsconfig.tsbuildinfo	130052	1783424903	0ecb5a5e9a4dd16b87b6a375bc90d81dec1f91d46e2170fe47d4840cea3556a6
Omone.omdala.com/apps/public-web/wrangler.jsonc	345	1782130682	35e825c8381d3898f8deb944ed1eb0b84c028b93ce265aca95e533f02e389a08
Omone.omdala.com/docs/00-audit/CURRENT_STATE_AUDIT.md	1964	1782047698	84c17ac86bd4efa0133b3149ae509aa0ba11a95065fbe2f29f8d5998d77ab427
Omone.omdala.com/docs/00-audit/DEPENDENCY_AUDIT.md	913	1782047744	07a8379a04fc2850024009ecdb7fb35ea5913bbf3773f0d3f804486ca5f55f17
Omone.omdala.com/docs/00-audit/GAP_ANALYSIS.md	1559	1782047772	1341d4f0d436c425abe5ece183cec5b06b1a46badf69cc33a847e269d0566fbb
Omone.omdala.com/docs/00-audit/INFRASTRUCTURE_AUDIT.md	1343	1782047762	07aa424a9dd41ca1c59bcb73d99843827b2f7fb5ce954478d1e325f0a8d69723
Omone.omdala.com/docs/00-audit/REPOSITORY_MAP.md	1992	1782047716	d5cc15c33bdf0665ddb69246bd9605fe9c1c13b1f3f02d62d01f88927ad114f6
Omone.omdala.com/docs/00-audit/SECURITY_BASELINE.md	1676	1782047734	86dad2673e9ff3654d79bb30d132f9fdcef13e6756062d3c1134cd9cace1d215
Omone.omdala.com/docs/DEPLOYMENT_GUIDE.md	3761	1782057536	d7eff8a33f0b1003fd2c2e49dc6b933c18e9aa4f6ae6dd36de12a82814e1fca9
Omone.omdala.com/docs/control-tower/BLOCKER_REGISTER.md	1337	1782055286	090edcfc1a2736ba4bfd5426bd14d60af926da1feb1af7e2579747614949bda3
Omone.omdala.com/docs/control-tower/CHANGE_LOG.md	1317	1782055380	7b6062863163249e9e4ce0af8e6080b8c207ef1543efe625d588effb644645eb
Omone.omdala.com/docs/control-tower/CONTROL_TOWER_STATE.json	1008	1782735780	b1a05d05e598fcea0f64ba0930321e84dc982cdc7241602aace9b82e9c905c03
Omone.omdala.com/docs/control-tower/DECISION_LOG.md	1975	1782055364	febf382d3186a8b0a4b216e719aaedce62103fcbc9fc8340f6bac05021f68595
Omone.omdala.com/docs/control-tower/DEFECT_REGISTER.md	1795	1782055414	f65ceee0476e01d87cc0107be30bd21d03353f7af23fd25bdba27f44867e8941
Omone.omdala.com/docs/control-tower/LIVE_VERIFICATION_REGISTER.md	2202	1782055446	4b62f534e8a12e51ff3497150c3c0dee7441b92bdf5aed966c9aa6ff5e665fd3
Omone.omdala.com/docs/control-tower/PHASE_GATE_REGISTER.md	2196	1782057744	4e28eae90455c6619d4d08db0d4ca580995ddda492ecf9ccac238680955cc54f
Omone.omdala.com/docs/control-tower/PROJECT_EXECUTION_BOARD.md	2529	1782055130	af559cf5be009318117f460a3c50ddfc6e50c799a4f752a2f71922bcd6c3a70e
Omone.omdala.com/docs/control-tower/QA_LOOP_LOG.md	1972	1782055394	1ea59b58d5cbcece1a438ab1bfcdfcafe2a0bbe87938cf813c44b857a93d3c7e
Omone.omdala.com/docs/control-tower/RELEASE_REGISTER.md	738	1782055422	6892e4606768b9660bfddd3e282bc6ab75d412daa151339f9796053941ea8da4
Omone.omdala.com/docs/control-tower/REQUIREMENT_TRACEABILITY_MATRIX.md	15400	1782055228	93da076634af345ca0b7d8578f4b0aeb1900e3fcf22e1c368a598eefb325fb5a
Omone.omdala.com/docs/control-tower/RISK_REGISTER.md	1542	1782055346	0ee184fba2c7bf2c3c9f87d8b557345c3e0db56b8731e2feae59ef9bbc105d53
Omone.omdala.com/docs/control-tower/SUPERVISOR_BRIEF.md	6146	1782057932	34978dbff4342d6082b31b0299132672d4112f522792191ac5108114e7b6282e
Omone.omdala.com/docs/releases/0.1.0/DEPLOYMENT_EVIDENCE.md	1427	1782057856	880f7fc3a17a4b33fba0f30de18346fefbd65580dbfa87a805e5aab95ca4b1e4
Omone.omdala.com/docs/releases/0.1.0/HANDOFF.md	2769	1782057836	69c2a4c8aa7fd6af17f326205a441fbd65a3cac387bd37f2280a6624ffa8f26d
Omone.omdala.com/docs/releases/0.1.0/KNOWN_ISSUES.md	1612	1782057812	68526b65023dfdd92fa6d2dfc4d792954ca8811c5cd0dc9cf3991b802b85cae6
Omone.omdala.com/docs/releases/0.1.0/LIVE_VERIFICATION.md	1768	1782057870	78ff71dd46dbde0e87780e8836cbe110efe64712dee76356abf8578d29abc6ad
Omone.omdala.com/docs/releases/0.1.0/MIGRATION_REPORT.md	1432	1782057848	1286682a041db59611cdd95730b1836cab8c6d36e6bb5ed884decbd816dd03fd
Omone.omdala.com/docs/releases/0.1.0/RELEASE_SUMMARY.md	1657	1782057768	f1546ee92d8189997eb0727d7d9e0af0a7594d2146c3bc1a237fbb5ea663fa79
Omone.omdala.com/docs/releases/0.1.0/ROLLBACK_PLAN.md	1754	1782057820	8b2b304272b37bc061f231c3b5ec3d13482631036923a14788be987ecd4697fc
Omone.omdala.com/docs/releases/0.1.0/SECURITY_REPORT.md	2737	1782057800	d3c8e741af6accee79b729a36e658288ec958fc23f7c18b3e55fa10cf2e0ca7f
Omone.omdala.com/docs/releases/0.1.0/TEST_RESULTS.md	1939	1782057786	dc1242e6e5ea2c2b55d59f62aff1db86c4d3140890b6e366d545db5be5afe849
Omone.omdala.com/package.json	708	1782047804	bec5955fd302bab91e11bbbe03cfbe2cc86b3efa337574df204b3882b3395b58
Omone.omdala.com/packages/audit/package.json	428	1782049434	b863daaed09aaea328ecf1498b26addf527f3951b10d2f69f6011a6c880c1a39
Omone.omdala.com/packages/audit/src/index.ts	2063	1782049448	e10850a416848fe93a84415bb4110a756ecb47f6ab5588e364c82336e0a03a86
Omone.omdala.com/packages/audit/tsconfig.json	136	1782049438	1ea13d7cdcfb5bd77b6a44e6da247a204e806d4fea23e7a069e88c76457bc911
Omone.omdala.com/packages/audit/tsconfig.tsbuildinfo	38684	1782049882	445db37a0550d3ec8996a3a44b84fd19e6f00f693b4b2232ee931512dce42f91
Omone.omdala.com/packages/authentication/package.json	599	1782049858	ed6ff251688dded34816efa1d1419feb9e68cdab22f9aae14f2a92a58314a43c
Omone.omdala.com/packages/authentication/src/index.ts	6635	1782056192	a3cedaa07ad91983611c0042f5e304d7461bc91d9afb73a5f54f189dfb3fbc88
Omone.omdala.com/packages/authentication/tsconfig.json	136	1782049480	1ea13d7cdcfb5bd77b6a44e6da247a204e806d4fea23e7a069e88c76457bc911
Omone.omdala.com/packages/authentication/tsconfig.tsbuildinfo	38993	1783319851	55d0f840e922a8d4ef5aa2f718094d1811e45ecd1cb049e74df0c9afaa4b21c3
Omone.omdala.com/packages/authorization/package.json	458	1782049452	5743d5d6ff65f950a876830b5b2dfe6c786fa632934ed5a821faf4d2fcc506b2
Omone.omdala.com/packages/authorization/src/index.ts	2196	1782049470	708e22e1bc58cb8f92700ebbd6aad6228dd3da5f0f146134b2796356c3808003
Omone.omdala.com/packages/authorization/tsconfig.json	136	1782049458	1ea13d7cdcfb5bd77b6a44e6da247a204e806d4fea23e7a069e88c76457bc911
Omone.omdala.com/packages/authorization/tsconfig.tsbuildinfo	38684	1782049884	02c30f1cbbfdc3fb8c93eb910976ff8d6be14478e02d2882b579d65446d30990
Omone.omdala.com/packages/config/package.json	391	1782049846	3b43844a0e856571cf37fe7704d2ebcb3501d43a4bd6fbb62d9ef8a6dc8a5f3f
Omone.omdala.com/packages/config/src/index.ts	2573	1782129898	f1034b52416dc1a06eccbfe1e511d3089ee3fe75665af31b102af41e3dd0f721
Omone.omdala.com/packages/config/tsconfig.json	136	1782049362	1ea13d7cdcfb5bd77b6a44e6da247a204e806d4fea23e7a069e88c76457bc911
Omone.omdala.com/packages/config/tsconfig.tsbuildinfo	36881	1782128850	7cd78c1f2764050c8a7013297a1e1d493dea3c53d5b61beb1aae25fcc0708f4c
Omone.omdala.com/packages/database/migrations/0001_init.sql	55451	1782052862	a4188e8deb1996ed75df3d7f688dffaee8bafefe0ad29d8471bb51a9029fead9
Omone.omdala.com/packages/database/migrations/0002_saas.sql	15746	1782057390	542bfe27cbd2c1550fdf7a0af4c6c3fa886cc70c01806613fab9257f40071bd3
Omone.omdala.com/packages/database/migrations/0003_phase1_email_entitlements.sql	4880	1782738706	76c12754bb92629da78cbcb887b696576232dd41ca1fed865fea26a24d39558d
Omone.omdala.com/packages/database/migrations/0004_mfa.sql	641	1783424110	b9011807e74251dbb758392f7e6ab87a3ba2fc767e461c9810b22ded2ab8d3cb
Omone.omdala.com/packages/database/package.json	1046	1782739256	73e04659e063f3bf6404e5c22cb2c77a9aaaf3878991d0b4702a8b8ebd4db168
Omone.omdala.com/packages/database/scripts/migrate.ts	2901	1782048374	53a03ba4a75f758a6b22d434013c9ddb9114bc6a250082d8a29df4d92eddd0c2
Omone.omdala.com/packages/database/scripts/seed-dev.ts	7260	1782049328	3918086c4a03feee2d22b9d731a7ca6cfd985d97dcc1d07d5ce76e2f5564e010
Omone.omdala.com/packages/database/scripts/seed-prod.ts	8098	1782739250	59cd180761d3d020f035ebbf71d2e0a309e8b81414c9a0c97be2de582727136f
Omone.omdala.com/packages/database/src/edge.ts	3290	1782129128	128d15873bb0cdfb78f7e381dea2cc8168ac04d6ed1f3f26a42de5be55e39b96
Omone.omdala.com/packages/database/src/index.ts	1706	1782049876	266f5b7052bf0c4bf2cfcaa60a1cf38769b1e0a81dd6cfe091d03b3f76a9629b
Omone.omdala.com/packages/database/tsconfig.json	255	1782047908	c1518516e011e45b0731688e4fe86136a0f7181802fd4276ba897f8d32e79bc4
Omone.omdala.com/packages/database/tsconfig.tsbuildinfo	39217	1783319845	117f61443b3c6477dd23e4e063e4e722216ef367fe2a3cf6ee89ec9d7e4eeb09
Omone.omdala.com/packages/email/package.json	389	1782738744	ffe1e66c28553d5407cacda140df7830e6e31e8a9b1efe0f1a1a2e109eb84618
Omone.omdala.com/packages/email/src/index.ts	6666	1782738794	9d65964963592d712fbe24ff3bd597d029a56c674c8ac39378bf49431d185ca6
Omone.omdala.com/packages/email/tsconfig.json	136	1782738748	1ea13d7cdcfb5bd77b6a44e6da247a204e806d4fea23e7a069e88c76457bc911
Omone.omdala.com/packages/email/tsconfig.tsbuildinfo	37764	1782738826	a30a4e4a796c9dac72928f2741c849d68ba36012a4600afb2f92486704d5d034
Omone.omdala.com/packages/qr/package.json	418	1782049852	dd77fb9f341ed8f9588b9844804221a85a8bbbb2a9514704dcb3ff927f4348dd
Omone.omdala.com/packages/qr/src/index.ts	862	1782049428	5503b3723392491700df1ba9e550ad7cc9f39200fd329a2207f808ec702b4bd7
Omone.omdala.com/packages/qr/tsconfig.json	136	1782049416	1ea13d7cdcfb5bd77b6a44e6da247a204e806d4fea23e7a069e88c76457bc911
Omone.omdala.com/packages/qr/tsconfig.tsbuildinfo	36903	1782049882	9ffe4c0a2ce6b969fe2b8c23508e236c1ce39e82aa57a9abd6f4fcb3380b525e
Omone.omdala.com/packages/validation/package.json	440	1782049378	639ebea396babb995377fb9e8d132ed4f1eeded5e1201110f9a18f272d7c78dd
Omone.omdala.com/packages/validation/src/index.ts	4749	1782049402	5e1e143758630160f138aa79b2e81a2be6cb17512a71c10400c2aef3a7541aa8
Omone.omdala.com/packages/validation/tsconfig.json	136	1782049384	1ea13d7cdcfb5bd77b6a44e6da247a204e806d4fea23e7a069e88c76457bc911
Omone.omdala.com/packages/validation/tsconfig.tsbuildinfo	15393	1782049882	558ab96006046b39b56972f5aca0551260a6fd38bfc66a3839020542739930b6
Omone.omdala.com/pnpm-lock.yaml	200369	1783500775	365cd51d0f995b204069b43837f02eca88177f3bb2ddebb8cfd888d60c061dc0
Omone.omdala.com/pnpm-workspace.yaml	52	1782053924	e37cc50eb0f986b552ec777addee1cef06546bb695d7c7a745215a9dbfa861d6
Omone.omdala.com/scripts/setup-staging.sh	1675	1783500654	4934e10bc9bf4e46e9bc37ea6446077cd5090131753496aee9e79021fa435d59
Omone.omdala.com/tests/integration/flows.test.ts	9501	1783500762	52c6e128c1759554ca27b14db3ac5a9c4e67d508ed9c78c074e62b60d2374882
Omone.omdala.com/tests/integration/saas.test.ts	4503	1782057408	cae63fd754a68c7165c953a24e5137b9f6b699eb21bec5b7f5598af998d351f2
Omone.omdala.com/tests/package.json	686	1783500748	a12d347b2a955cd99b018e798185505fe8e1f003cf6fa0021bfd0323f6efb3f5
Omone.omdala.com/tests/tsconfig.json	209	1782053806	2dc8c1c6b2c137e4ae2e5ee3db90243bd8a0353c2844d26294d671fd94f47328
Omone.omdala.com/tests/tsconfig.tsbuildinfo	60722	1783500789	175b719cf5e3966fb650547dfcd3fc35956a13bad2986d42c25ba91987b9bc93
Omone.omdala.com/tests/unit/authorization.test.ts	670	1782053854	83ea32500c98b944ad4e5cfa7cde583c89fd80e4bba967362e3cea6555b91fd3
Omone.omdala.com/tests/unit/qr.test.ts	765	1782053844	ce27cbb2cf60395bd8f6200e64ab32faa710d81a8e5dc952e01682256a6bafb9
Omone.omdala.com/tests/unit/validation.test.ts	2392	1782053838	0f0fd37e718097f9771ec0473bed4b735f69b5dab8e1c71d799fe443f15ac2b0
Omone.omdala.com/tests/vitest.config.ts	160	1782053810	7a19ed33707354344303d3bf2bfd80e189a273e1f835b86c5592e12365d3127d
Omone.omdala.com/tests/vitest.integration.config.ts	187	1782053814	01c9cfae57bf9e751e9d9392881e38232ae3667c5984c79ce59d8f3777cf83c6
Omone.omdala.com/tsconfig.base.json	638	1782047820	80af1e131042ea7b830e87446f1e320a8b3b20f125ac4e489ed16e3b5a4d7117
Omone.omdala.com/turbo.json	1385	1782047814	e2397515dbce7f11990edbbd3605246a9fb492594a899309a3c4819de281746b
Omone.omdala.com/vercel.json	275	1782057518	f3fc095be53ba9cf723d2c71e49360da42ec81c0cc196992d558fbd6b3603bfa
PROJECT_READINESS_AUDIT_2026.md	835	1778220857	ac05e1a6f3a64e6a003b6b779d2aac89402b5905dfcdcb8b1dc79c1eef6ae173
QA_AUDIT_OMDALA_OMCODE_OMONE_2026-07-06.md	9109	1783410948	646164417b18ca54456ee35b96c9a8fac64dca877e2672e575ea54e644d88f13
QA_AUDIT_REPORT_2026-07-04.md	16153	1783405961	8e9955d0488999446740242eda51aa8f6fdba512a67b37d0a9d4d520b8e8c067
README.md	2230	1778544115	643d25a5ac13e8ddc650bf9d9644edd0a91629cba1ecfcc7b0156f7b834c5c5f
apps/.DS_Store	6148	1784169430	7feb7f907896374234acf8ae971f88406c5aa90caf158fda45d3098cbb09a30c
apps/admin/.eslintrc.json	42	1774810393	bac4378e77bf3142b9d096d6b978021fca3fa78d581bef96e7acef844d737d16
apps/admin/app/components/AdminModerationQueue.tsx	1320	1783405961	a07f1a702e8a83ce0f08ba0e077c3789e7992904526e467f6cbf7ef2351a3164
apps/admin/app/components/AdminSessionGuard.tsx	3980	1783405961	c36aad10092d5963f39e0bd7b100ce31dcae210752d0d4c1b2c9a9556a7eed70
apps/admin/app/components/LanguageSwitcher.tsx	1909	1776943217	32ea8eebcf23fc1537a432f5143930408d601eb3fc048ba73a1cc8513f5c9afb
apps/admin/app/components/LocaleLink.tsx	929	1774803364	225973957d6aa430ef70d208b7cd5c858f6b7b9690006dc2df44e11aa943811e
apps/admin/app/globals.css	3074	1774802798	d51be59b661dca2af49c3ebda1299f8dc745333628fd54c6e87b8f95c56e744e
apps/admin/app/layout.tsx	2447	1782693465	257f84b5f197915ee8f2ad219e6ab219e1709db54f3fe4fd13d6fda2a8e1c8c0
apps/admin/app/lib/admin-copy.ts	5933	1776943663	a9b1efc5b4699759a331de6eb11a0163236c7a6576f7c9788910038346034211
apps/admin/app/nodes/page.tsx	1100	1779203702	214355cc2a80956f59f78d1abdd4edf7f15bff7ea1bd9e487dc08058f495482a
apps/admin/app/offers/page.tsx	1119	1779203752	b07fa6b211daa6e01c65cf9e6c26015ca8aa11f7ab0fc143e507ead3df5db565
apps/admin/app/page.tsx	1262	1783405961	c6e200f123ff3bcd8a1a1e9fff2a17fe01eaf3fc686210a6559ff97f29a40756
apps/admin/app/proofs/page.tsx	1039	1779203753	084b22ba0ca4e6c6c80ad40d850f3aeaca3404b863f06c99791c0eba871d88b1
apps/admin/app/providers/ProviderObservabilityDashboard.tsx	10503	1776951784	ce99eaca00e139afbc0478cd0e1cafcb4dc08de7fc4da8255bd09bc51c2944fc
apps/admin/app/providers/page.tsx	173	1775805251	551b72842e93700ff704e2843b5cb1c5921fca96adf0217b8750e66a2ffd84fe
apps/admin/app/requests/page.tsx	1138	1779203605	d88adfb6b2961d764148c18b0cc80d8d3fa8caf7d4cf7ae6424c204defb84f28
apps/admin/app/robots.ts	219	1774811500	13508fe9f75675af0aedfc559153fba52b4f32179e72de06522f863e05fddf89
apps/admin/app/verifications/page.tsx	1056	1779203754	97a76db9249cbd4efa5fe0fac5da00cb170d44f368188eec2dbdbfa6cca58bb4
apps/admin/next-env.d.ts	262	1774790497	85ae5aee75f011967cf2d25cbc342f62d69314e9d925f7f4aa3456fc2cffcca6
apps/admin/next.config.ts	540	1782693520	e268b1d8506f09adda5c49a8fdb576f2f342a2902e953f7490db983a188c2903
apps/admin/package.json	658	1774775559	75679e2d81bdf663d67826734db044922e2d2c817c82fa01e8d392704cae2bfa
apps/admin/public/_headers	263	1774768479	5826470dd693ffc785310e57a2613391978635e68296f39b7eb0bdf1b070ed2b
apps/admin/public/robots.txt	26	1774768479	331ea9090db0c9f6f597bd9840fd5b171830f6e0b3ba1cb24dfa91f0c95aedc1
apps/admin/tsconfig.json	601	1774790497	d5f6e1c605d3ff004b05ff37b746ff2987bbf4daee21c72aa20af7f3b47828b1
apps/admin/tsconfig.tsbuildinfo	148669	1783183726	25af9bcffc63c8a6ace976c5eec423e9ae5bd9fe3fe5c393dbdca796eb2880c7
apps/app/.eslintrc.json	42	1774810385	bac4378e77bf3142b9d096d6b978021fca3fa78d581bef96e7acef844d737d16
apps/app/.omcode/rules.md	1892	1780032301	298c73c0388b5bbb6de57f6f563ed299760748f41250c672ea35b964ce55f0d9
apps/app/OMCODE_AUDIT_REPORT_2026-07-01.md	7097	1783405961	63d8dc7dce5ed2d78ff5a95f3f6b6293e5210e0a40da9e4d28caea7a8819472b
apps/app/README.md	234	1778220857	6b3f6779b617398f6e29f7edd15abfe299a47f0f57905903a979d6efe4984938
apps/app/app/(auth)/layout.tsx	144	1774773805	07eb2ac83bc30fda7087a24f9c3b207a12fcb251418909dd4b84cd63ffb2e45b
apps/app/app/(auth)/login/MagicLinkLoginForm.tsx	6098	1775239003	0782ad29173caa35908b40abe0ad6eefa5fba4c383e6787aeed58ee61a0bad61
apps/app/app/(auth)/login/page.tsx	1614	1775462543	9e5e9be85d5a5c414a8e4b5532f7ddb155aea1cc9339f502fd4013c5de82d90a
apps/app/app/(auth)/signup/AccessRequestForm.tsx	5454	1775238944	4d6afe9949de49c12671d767051a5f614d62dd0928cc2642d13b18913bb9239a
apps/app/app/(auth)/signup/page.tsx	1293	1775239030	59f4d5da222307ec3297657df84ae144543d46ac195f1b13474ef9dc04cb6184
apps/app/app/(brand-exchange)/brands/[brandId]/edit/page.tsx	2213	1783405963	fbda97e396081e09b7adc63f27ec6cc2cb465ab832266d25f773bb2b904c23fa
apps/app/app/(brand-exchange)/brands/[brandId]/listing/page.tsx	2475	1783405963	0b2293f6735eecf5fd642556dc061fb730036bef86d2bd2aedda4e8760db589f
apps/app/app/(brand-exchange)/brands/[brandId]/page.tsx	2572	1783405961	7d1d373fa8090ce9da00be2ec55ec1483b765d883b9460cc63466b184c7d0d9a
apps/app/app/(brand-exchange)/brands/[brandId]/proofs/page.tsx	2754	1783405963	c90b6cf16f92d2c095a28b6fe00e875444823d2606cb1000fb1104bfca0add44
apps/app/app/(brand-exchange)/brands/new/page.tsx	2510	1783405961	a51c88dac4cd4bf44949a0735509243b6f096422a660f21a75767675462f7b25
apps/app/app/(brand-exchange)/brands/page.tsx	2843	1783405961	4af7a9f1085c110d3ea8ac6f899f76805ee454840d0227ef72dde4b16a08cfdf
apps/app/app/(brand-exchange)/dashboard/page.tsx	2565	1783405961	29e7a58d974b5620b62bca2b9e85e94c66e5e76eb63d4d44a8ae0cc268d3823b
apps/app/app/(brand-exchange)/layout.tsx	1471	1783405963	5ad2d30fa10eacce4ac733ee9b464c2d138186973f73ac5284643e65e677bc48
apps/app/app/(brand-exchange)/listings/active/page.tsx	709	1783405961	1c2fdd32975d36f632edd991867db3515f1fa91c84b5644c8849d927223ca148
apps/app/app/(brand-exchange)/listings/drafts/page.tsx	779	1783405961	f0ecc326cea282ff54c43a1f5e0535ed1090032b12eb3e166ab8a6c0cff878f6
apps/app/app/(brand-exchange)/listings/page.tsx	1857	1783405961	015f5c6d10e325213e8cefda192d631f3d2b39141527e2689ef53e5afbc38a72
apps/app/app/(brand-exchange)/profile/page.tsx	2949	1783405964	6020232bce341cb7a30eeeab1e95fb75968574ab42e1bd37554a01a119160bf4
apps/app/app/(brand-exchange)/proof-vault/page.tsx	2371	1783405961	ca25aa978bfe8d16cdbf70d62998bd18c0bc4604e1615ed0b322980015f68f1b
apps/app/app/(brand-exchange)/runtime-truth/page.tsx	2606	1783405961	09acc7070676cca14dd08ef306dfa75eb6e9dd77ce1116dbb90067aa74749821
apps/app/app/(brand-exchange)/settings/page.tsx	1841	1783405961	c422fe19f232f6b69bd12290103d5f431d2a8d51686ba47cad7587f17cc403ea
apps/app/app/(dashboard)/DashboardAuthGate.tsx	1701	1776943539	a873672c6cdb9cb304dd275d86206d09b2776c51c07e2c4607fd76ab63078dac
apps/app/app/(dashboard)/dashboard/page.tsx	5937	1774811920	138f667d1c026eda1cdc46f876c8bae0768aa40dc4fc4d6828fef614607df115
apps/app/app/(dashboard)/layout.tsx	1174	1779934647	33147a36697d92346f2f92cd3b5359892988877130733f5eea79dbdcea2fd251
apps/app/app/(dashboard)/nodes/[nodeId]/edit/page.tsx	2835	1774789362	d6039c44604a33dffce5e3975b4788fbc5fee8a305b2f9de1e1261f26d807f8c
apps/app/app/(dashboard)/nodes/[nodeId]/page.tsx	2882	1774789362	c7b353e172ee3e6a97b4662d7bf440daa6ae59b523623ef54ff39466814648ef
apps/app/app/(dashboard)/nodes/new/page.tsx	2567	1774774150	2da10fd15f9a101f2627ff7c3356e981285e4be6476f93efa10000e04425b7d6
apps/app/app/(dashboard)/nodes/page.tsx	2175	1774808084	751b5c2fc40c9ffc240d5b0739f0634580f594f19832a5895e01e6fb76f91a46
apps/app/app/(dashboard)/offers/[offerId]/edit/page.tsx	3058	1774789362	32449d78f6af947314e3fedbd34f835157248996783ab27718efc50ee8edaa6a
apps/app/app/(dashboard)/offers/[offerId]/page.tsx	1582	1774789362	5af65fe275623220d4e99c2f76b0c262e870607f9bf935b9e5aad5eef52ccf65
apps/app/app/(dashboard)/offers/new/page.tsx	2719	1774775134	bcd4eea2995a9c6b85be01da3a37e13e71c3c7a071da9264abc8103306cd084e
apps/app/app/(dashboard)/offers/page.tsx	1965	1774810656	576c8b69b7f773659b9fb5b4b06af34f928fff9687d45dad7c73122195da2a10
apps/app/app/(dashboard)/profile/page.tsx	1358	1774808135	355e6b95e5333e820531165cbe7f279d07bd152af9f382b2f619795b99a9fcea
apps/app/app/(dashboard)/requests/[requestId]/edit/page.tsx	2675	1774789362	702148d073c5ad7893c4b05f8a9b329a1f8b8d9a1b9c5db74472c388d858fb69
apps/app/app/(dashboard)/requests/[requestId]/page.tsx	1552	1774789362	0902d475540afea86f01478f20107896723ab1feaa26df477a984ceefc63a17a
apps/app/app/(dashboard)/requests/new/page.tsx	2235	1774775134	0dedba420dc40526a8307400e17bd3458da5044a4cbcb1bef10910c9f47de99f
apps/app/app/(dashboard)/requests/page.tsx	1939	1774810675	964a28c1db2e5ad04b5737c6b0802086b69c3ae44d645ab443f7457a0cea3fd1
apps/app/app/(dashboard)/resources/[resourceId]/edit/page.tsx	3221	1774789362	ba3ee18f764638c5f19b980fee57537a60080063d778df808dfafbc1fff58727
apps/app/app/(dashboard)/resources/[resourceId]/page.tsx	3034	1774789362	5403628444d29c7b7540c642bbae0b81c58ab95bfca8ad25a6584c083b372097
apps/app/app/(dashboard)/resources/new/page.tsx	2875	1774774150	456b13ce0f330ea4fe961f08e7614b822915a93fea8684e907cb4452136ff400
apps/app/app/(dashboard)/resources/page.tsx	2288	1774808114	d203baed6974a3f92836b44767e1f3320128ae9e1d56c8df031626f57e4536cf
apps/app/app/(dashboard)/settings/page.tsx	1435	1774808145	16266ac2e5f9d155ff746536ccd0d8d2b444850b3ed83070a19e8105f03ad33b
apps/app/app/(dashboard)/trust/page.tsx	2803	1774808126	84c56a0551571d334500cc9d58a10cabafbac2e162364852810b73223abb762e
apps/app/app/ai/AICommandPalette.tsx	17509	1783166556	d04dd611bd2bd2c5f1594ecd256dec8c4bdf25b6a3e46a6bc1a8abed895dde91
apps/app/app/brand-exchange/admin/page.tsx	3399	1783405961	c8949b7d1b9e9666d7ed07e2ed6ae0704c0a55535c91ea9d0c6a89d926ed5030
apps/app/app/brand-exchange/admin/proof-review/page.tsx	3107	1783405961	99262c18b352ea51abb7276fa205935066c3ee060e21162f6164f9eceeffe07f
apps/app/app/brand-exchange/ai-assistant/page.tsx	1848	1783405961	a04d03f196cab9863aa141ee630bd6970bd7b728521f29cc476c367995c55cdc
apps/app/app/brand-exchange/brands/[brandId]/edit/page.tsx	2408	1783405961	41256eafde87a9ae5ba58af2496e0826ae454a639a58b865313c8c4fc8b21927
apps/app/app/brand-exchange/brands/[brandId]/listing/page.tsx	2670	1783405961	a2f3d37db7b24d773d1571623b064fdc92fa1970fd6b2cbc3a68d2b4bf99fbd8
apps/app/app/brand-exchange/brands/[brandId]/page.tsx	2780	1783405961	4109f69d581f6f89496087aadf7a349240f82755de4eb7ba6eab414f8d448889
apps/app/app/brand-exchange/brands/[brandId]/proofs/page.tsx	2949	1783405961	3211e831a116eaef34f61fc71ce57e699390d6c3d869bc9155da84648f8013c2
apps/app/app/brand-exchange/brands/new/page.tsx	2510	1783182555	a51c88dac4cd4bf44949a0735509243b6f096422a660f21a75767675462f7b25
apps/app/app/brand-exchange/brands/page.tsx	2873	1783405961	ce233894f963355756499ead8bff6aa2565f0396d03d5adf8a14d9c05490b125
apps/app/app/brand-exchange/dashboard/page.tsx	2610	1783405961	7905ce68015b3227bd268b64ea4a94a9f54cb75f7fcc559a1350f2dd2bb7edff
apps/app/app/brand-exchange/deal-rooms/[dealId]/page.tsx	3148	1783405961	aac36204c9da6b54b5ecf96a59740c92f6e3b51be8f18f76cda39886d73e7f4e
apps/app/app/brand-exchange/deal-rooms/page.tsx	1892	1783405961	45adb80d7123850713258482e2534f6cd81acc0b68a27e549d39b31d0e9de0da
apps/app/app/brand-exchange/layout.tsx	1852	1783405961	0ed026cbbda607e1e9a3d1ee856e6ebcf2c47d0f299d1233c7b4d1fd93841d57
apps/app/app/brand-exchange/listings/active/page.tsx	709	1783182555	1c2fdd32975d36f632edd991867db3515f1fa91c84b5644c8849d927223ca148
apps/app/app/brand-exchange/listings/drafts/page.tsx	779	1783182555	f0ecc326cea282ff54c43a1f5e0535ed1090032b12eb3e166ab8a6c0cff878f6
apps/app/app/brand-exchange/listings/page.tsx	1887	1783405961	90335c4b347513a13ceaca4aac802a84cc25343ad88f933b1dfe6d9f004dcf2b
apps/app/app/brand-exchange/profile/page.tsx	2949	1783182555	6020232bce341cb7a30eeeab1e95fb75968574ab42e1bd37554a01a119160bf4
apps/app/app/brand-exchange/proof-vault/page.tsx	2371	1783182555	ca25aa978bfe8d16cdbf70d62998bd18c0bc4604e1615ed0b322980015f68f1b
apps/app/app/brand-exchange/runtime-truth/page.tsx	2606	1783182555	09acc7070676cca14dd08ef306dfa75eb6e9dd77ce1116dbb90067aa74749821
apps/app/app/brand-exchange/settings/page.tsx	1841	1783182555	c422fe19f232f6b69bd12290103d5f431d2a8d51686ba47cad7587f17cc403ea
apps/app/app/components/LanguageSwitcher.tsx	1909	1776943197	32ea8eebcf23fc1537a432f5143930408d601eb3fc048ba73a1cc8513f5c9afb
apps/app/app/components/LocaleLink.tsx	929	1774803327	225973957d6aa430ef70d208b7cd5c858f6b7b9690006dc2df44e11aa943811e
apps/app/app/components/SmartLayout.tsx	8741	1780275680	6bfb24363a3b2951b93c3810dacd814254ad24704c19872695f9aaf549613fb1
apps/app/app/globals.css	6434	1778220857	1697fd9ff1693e520d17e601bba8d99867a3e91b1da663ca6572cf13db53b216
apps/app/app/layout.tsx	3541	1783405961	0323c8f5a29cec62d2e75a73424b9a843625f8a5c9a45b0c299bc7271664fdf0
apps/app/app/omcode/page.tsx	590	1780029387	14ea8b821a99f280d32a5a91f5f330e56332e55a3fd0da9f8ed47ae3a4b45c0e
apps/app/app/page.tsx	25994	1780061096	639adbdf2e99baff6f1cb06b84fe18c3df6cade6a0a7f7486db84f4859c1e8cb
apps/app/app/robots.ts	219	1774811487	13508fe9f75675af0aedfc559153fba52b4f32179e72de06522f863e05fddf89
apps/app/app/workspace/WorkspaceShell.tsx	29666	1783405961	4b5d9f686e357e2b43a91c316d9993b7d34433222147c4ad035e3b1deaaa1141
apps/app/app/workspace/api/gateway.ts	3305	1783166648	e0c416b4384164b8185790687b863275df88ad7c42ee8c7e422265feee70775f
apps/app/app/workspace/components/AIChatPanel.tsx	14798	1779978221	eb6718fa1c45828378f48749d986da9e637160c93c36a3b2c9c438e4ca92d315
apps/app/app/workspace/components/AccountPanel.tsx	11123	1783405961	e9169da158152fa7637f21fe5e4b640116bd1d138f011c4e3c1689ccb1de3d2a
apps/app/app/workspace/components/ChatHistoryPanel.tsx	2922	1783166810	17b6f4f75032d0acae754e34ddb8883e2d07cbcdef8fc33384529f82f6e60df7
apps/app/app/workspace/components/CodeHistoryPanel.tsx	3201	1783166812	e9f6b3cdb1e9dbffdc57c0f4c515a0dda2936903b026775a31464811e8d18a8f
apps/app/app/workspace/components/CostDashboard.tsx	3852	1783166807	414d25de8b33127387ecec835222d68f00330fa376b62c4df5d8eac67bb7f414
apps/app/app/workspace/components/EditorPanel.tsx	12476	1783405961	9eda92c562b3a8b1c57f1e0478a7d2035f1b4dffdf25209191b20b798f34d0e5
apps/app/app/workspace/components/ErrorBoundary.tsx	2427	1783166709	6a6b1620a7ca0508012f2877bae7cea9163e176431a02994107300ae80396e94
apps/app/app/workspace/components/ErrorLogPanel.tsx	4325	1783166817	584b8f9f5417e18c1705f0b7a66c991efc0f35966ef986960d358076f821546a
apps/app/app/workspace/components/FileExplorer.tsx	11369	1779944016	d2cf15ba0c1b9ee4eb4a395617be39aef3cbb6a87782940ffe1412ed61a14c26
apps/app/app/workspace/components/GitPanel.tsx	18319	1779949100	fe4410dd673e8c191c9a222591567a924201abbdbe38b4662c157ace85992776
apps/app/app/workspace/components/ModelPicker.tsx	4466	1779975436	b52a066999d24bb0fd060584c449adf15f8e31c22d044e92872eb8e605165e21
apps/app/app/workspace/components/ProjectTrackerPanel.tsx	3360	1783166816	c4a00683dd85c468836ace57a6aa85180bdcc909d96a242179afda400b77c478
apps/app/app/workspace/components/RiskBanner.tsx	2158	1783166815	202ab5e9b81d9d0356e0b85ce95b4dd22df2c27de9685996ce45c8318e6bffd1
apps/app/app/workspace/components/SettingsPanel.tsx	10703	1779975596	85e79620accb640520499b07f609a69f09a201c0ef897f0f80a731131b920a48
apps/app/app/workspace/components/ShortcutsHelpPanel.tsx	3345	1783166818	dfae2b36bb83b041e822d3f6d42a9c69e831cdb3961f04c7aad378cfe428e67e
apps/app/app/workspace/components/SlashCommands.tsx	4746	1779976017	94e1e83bfcdf2cbe28e3154d8e94e0a7132618e72b45a5fc56e2714bf232fac4
apps/app/app/workspace/components/StatusBar.tsx	2296	1779976855	67107069abc6afeb99a781655e48824e430b5ceaedc4a2f469fc5e4cba53e069
apps/app/app/workspace/components/TerminalPanel.tsx	4906	1779944627	5db28d364a14a31a5bc8df0654b51fe4fa49cfbebc259204b9aa75db69992e5e
apps/app/app/workspace/components/TermsAcceptance.tsx	3534	1783166813	028643579c92f100dd166e59a3b1902048e865aa937024a3223e8c58c0d62bf5
apps/app/app/workspace/components/WelcomeScreen.tsx	7092	1779975806	9225e4479ecc06142d9855737a87dbbd38ecb8989881ca6cff800a5c840cb13f
apps/app/app/workspace/hooks/useFileSystem.ts	7959	1779954215	dfa0830bd93cbc5216b1339f7ff67e75fd24ff725c8f0372142d7586b9d7bff1
apps/app/app/workspace/hooks/useGit.ts	11330	1783405961	ec8bafb873c31b89f552021abeea596040eb9a63cfb563730b536a19fe8268be
apps/app/app/workspace/hooks/useI18n.ts	3958	1783166643	be4e7d85bf05b44d26243a9c736a1831d6b0d59704379df929651ed2d3a35295
apps/app/app/workspace/hooks/useProjectType.ts	4094	1783166711	09324fff7e358c6a990bec77ce5cb67617ea29c541f4d4a5651a6b5082213be4
apps/app/app/workspace/hooks/useTerminal.ts	13128	1783405961	b494162c30ddd9bd60b2ba38e8599f721c3ffcccc9f2c06e9ca32220644df4b3
apps/app/components/app-frame.js	1348	1783405961	9be89f6d080337b151eea51d33d9ac77180af016e54376f8ef6e233607564042
apps/app/components/app-frame.tsx	1503	1783405961	7f5bf1dc12645d95c92d75b4b866cd617ceacbc852e03d029f4ca4d78b2a6a98
apps/app/components/app-nav.tsx	734	1783405961	f64f851ca413e3e492c2ad3e8b8d47d319733ce6afcf1c9f6c3de0e82181f5d7
apps/app/components/live-api-panel.tsx	2869	1783405961	1d90db337e34889cb08f9f26090fe658fc2ce98df4e2c35dd5728ac008dbe7d7
apps/app/components/magic-link-form.tsx	2217	1783405961	e8b39fcc89ee2801b352918cff288f1983426ea17955ec786a8e956a69ad8214
apps/app/e2e/smoke-auth-dashboard.spec.ts	6841	1775819600	08259ea75a758db0e87d939abab0f357495c25b1a2b6463ded697e48de67f837
apps/app/e2e/smoke.spec.ts	2993	1780031073	91db4cac238453cc171732339470c939697f757b7ef243b398a50de723663ce8
apps/app/electron.js	1702	1783405961	7a515c2226d69ab2aa87ce398fa59b4e6cad6a770b3b10ae70dcbde2db8d6513
apps/app/lib/account-billing-client.ts	2900	1775805251	e724837ca54ed4610e1c245470e460043da7dbd81198f51f25b7dcbe1050a289
apps/app/lib/api-client.ts	1560	1775461467	24bb8078f4240621b4e529a4d6b67d82506ab445a05941fbaa3ef66b65e27f61
apps/app/lib/api.ts	201	1783405961	5e1b1284087c7837bae029ff0bed08dfff2af90180322c49a95e11cf67ee1785
apps/app/lib/bilingual-copy.ts	29858	1776950501	4a1a65fa7e154e9af11c301aff0932fc90a0e810c6676f3fbb3497ae5e0eb15d
apps/app/lib/mock-data.ts	425	1774775134	cf52322fdd0631b68761888ccbf335015254619c0158c6d210f006176c68257f
apps/app/lib/navigation.js	520	1783405961	828815bed6e64880bfb81a8d379bd1a1a71569b51d1fb9ff26bc10937994011c
apps/app/lib/navigation.ts	618	1783405961	d9cee12d45977bbe9adaa2d699b7d69d517f0d14f337cb26d499c5a7967aa450
apps/app/lib/permission-layer.ts	2752	1780038588	07c127e41b155c811faa0e0824fb364f876440a78284e7d47d23762e7ece6e4e
apps/app/lib/policy-engine.ts	2483	1780032228	aa1aecad6f8e12c6e4a1053693960ff6ff519b767e755f71d855b6c565a6b8fc
apps/app/lib/runtime-data.ts	7598	1775818274	b2f24ac35f92858bae8ffe92d5b2fcd1b41ab5b83b497059f691dd6568ba86c0
apps/app/lib/session-client.ts	1989	1775731275	78ce7e9e5fb26fcbdf535ae9feddfbb8c7ff7572ea1b9572b8423f8aae26cc03
apps/app/lib/static-params.ts	881	1783405961	fd185bad673ff27ea9c8c6bab3b0b4fba8399862a3784b5cb4168d5ba05df38f
apps/app/lib/vi-labels.ts	10058	1776943437	f3b557bef3434803260d768250ebef74ddac7196348cc3f0fce2c084bbfa698d
apps/app/next-env.d.ts	247	1780076292	7b550dda9686c16f36a17bf9051d5dbf31e98555b30d114ac49fc49a1e712651
apps/app/next.config.mjs	792	1783405961	278c3581b54265eb9aafc81c8b2da4443b9146b615cd4b954bff59e2ac69775d
apps/app/package-lock.json	130804	1780052527	21248159d9dc8a3577718a87d84e9500309555da89d28eacbcac7d685644b932
apps/app/package.json	1058	1780060950	4cc548c1399b50253c617cdbb2db7ccb02fae1ec9f479b8d3446be495ed253d1
apps/app/playwright.config.ts	837	1775752522	6da758d6c413d8be3c1f2c8e9e02adfc18f95bd5febe2ce2675d02ead214117e
apps/app/public/_headers	819	1783405961	bd060040f3f40c4b658a9cd93d86e941f4856011d20e913085c5b26cd2e04fbf
apps/app/public/robots.txt	26	1774768479	331ea9090db0c9f6f597bd9840fd5b171830f6e0b3ba1cb24dfa91f0c95aedc1
apps/app/tsconfig.json	660	1779203706	a3049c5cc046ceb5dc5f22f07702b3d074162be0000e2543bab66f6ca3221c3c
apps/app/tsconfig.tsbuildinfo	208010	1783182410	5e83246567efb38c9e17ac2b3e5836728ff9646d7bd8d5ffd1ab024300d697da
apps/app/vitest.config.ts	189	1780036756	43f68608b37077dd2509ea36bc6a773068ed4190c81eba0f6fa2f025ae8052ca
apps/auth/app/globals.css	3397	1779076213	86ec22fb9541e14f460f546d9ebb98fc4da8dfbb348631761d757dbb08fbda92
apps/auth/app/layout.tsx	560	1776952008	e4ecc3fb915b91717dfd6da0fe9e49797459f92758d717a382054127b7451a7b
apps/auth/app/login/AuthLoginForm.tsx	7004	1780075623	2e4e84490a7b48e4e59a1ea66d6a4e2e135cd420e7993e717cbf201ea2bf6bf2
apps/auth/app/login/page.tsx	1793	1776943264	1bb14dd606a7bbb6d0b5ceadbf93b2fcc4149a386316d061bfbc834b9a55780d
apps/auth/app/page.tsx	110	1775461706	ceb2bcf393624884584ff7097477b747e507433ceaed1672c9deb8221bab5f77
apps/auth/lib/api-client.ts	1560	1775461616	24bb8078f4240621b4e529a4d6b67d82506ab445a05941fbaa3ef66b65e27f61
apps/auth/next-env.d.ts	262	1775462290	85ae5aee75f011967cf2d25cbc342f62d69314e9d925f7f4aa3456fc2cffcca6
apps/auth/next.config.ts	465	1775461552	dde64275db755832f5a582d2095069efa04efc388b757c993a19e3b2381a1040
apps/auth/package.json	534	1775806174	d973cecb9c9bb690eeea234c5dc01f560f7a03936e076d5f30ba6b8efa48eb4e
apps/auth/public/robots.txt	26	1775462673	331ea9090db0c9f6f597bd9840fd5b171830f6e0b3ba1cb24dfa91f0c95aedc1
apps/auth/tsconfig.json	507	1775461564	99d4c10b039e80ea5088ca886dc3053e8418a26d82ad5a882643705995f8a844
apps/auth/tsconfig.tsbuildinfo	146407	1783183516	225b6d452274cca501477cf28a91195cd2779e084335d543405fcebdf7575165
apps/docs/.eslintrc.json	42	1774810401	bac4378e77bf3142b9d096d6b978021fca3fa78d581bef96e7acef844d737d16
apps/docs/app/api/page.tsx	2192	1775805969	c42cdbdbceceeac06a46fe14fa7fba0181b2b5a2e2326cd1826fa082e98424d4
apps/docs/app/components/LanguageSwitcher.tsx	1746	1775540678	eb68d09ab8a5ad01ee0c12b141670eb9cc2ce3f0d54f36507c91f6cd26849ca6
apps/docs/app/components/LocaleLink.tsx	929	1774803380	225973957d6aa430ef70d208b7cd5c858f6b7b9690006dc2df44e11aa943811e
apps/docs/app/globals.css	1398	1774802829	495b972d123c6e0d06bf93fb2cbf994432a784c5e38ad2b33fbce7df9c4a26c1
apps/docs/app/layout.tsx	759	1775805455	7487eaebee62cba963c6c6eed50c1f3d2fb29df0966a0538fc27857f3e8c08aa
apps/docs/app/page.tsx	2201	1775805764	cb45b799b0556296404cb051cb0d6d922fc501a10564fa0ec0fc33254d65848d
apps/docs/app/platform/page.tsx	2079	1775805821	d1c9db23940d91157eb8b2d4d1df5611654d6b67f9d16744d8efbf5598111363
apps/docs/app/robots.ts	669	1774811480	e68673061d74613cf5e3c1072fd9ee1febe7801d23396f81f2d3a5133bcd85c6
apps/docs/app/trust/page.tsx	2122	1775805821	205c1e66b861ca129d750de9836f0630871b8e5a6800e8838208afa3a76ae73f
apps/docs/next-env.d.ts	262	1774790454	85ae5aee75f011967cf2d25cbc342f62d69314e9d925f7f4aa3456fc2cffcca6
apps/docs/next.config.ts	504	1774840990	7359236b1c2fac3800e491067643223e0ec13276cb65b32eb1d612a25492a1ab
apps/docs/package.json	670	1777888380	29c16d1869fa40ad4b092714c546720b0d12349c34d6809da22a0ced7790c0f1
apps/docs/public/_headers	325	1774768479	3e95bed8f1a8a06b534e67130f271b88f0b86252481d3cfa2484c59d3d7371f6
apps/docs/public/robots.txt	129	1774768479	3412849bb92fca5ee6cdf77f5bde9f70f56230cd07961432f296708a86ed42fb
apps/docs/tsconfig.json	601	1774790454	d5f6e1c605d3ff004b05ff37b746ff2987bbf4daee21c72aa20af7f3b47828b1
apps/docs/tsconfig.tsbuildinfo	132943	1777888413	39922b45c9ee2854d014cd217b1cbfc31c5927b215a554d3c85911a0fc4f7eb8
apps/web/.eslintrc.json	42	1774810378	bac4378e77bf3142b9d096d6b978021fca3fa78d581bef96e7acef844d737d16
apps/web/README.md	140	1778220857	feb157242a38c5493114db387f28c286712d9198ae6d2a1a1f21594641db2d32
apps/web/app/HomePageView.tsx	9659	1777191008	5507b9d32afd6342135828890d62bbf7572a66e94e9c3217dfa675837d20ca6c
apps/web/app/WebChrome.tsx	4702	1776946861	eaaf49df9dd77cba372383a369ca020ed4fd29b3e61f2768bbbda8d3da2bd201
apps/web/app/WebPageShell.tsx	405	1776942888	e75eeabfac1b9f88965208653689cbd59cc4f22e89775ebe7dc0d3bc3a26cee9
apps/web/app/[lang]/not-found.tsx	381	1776789188	852672268276b27c743236940c412e52465b15fad659fc2010c11cc109dce87f
apps/web/app/[lang]/page.tsx	808	1776578222	5f012a598cc26b175def9931c4b1d60bbe011edf329c65180cedf6f7047b61d8
apps/web/app/brand-exchange/[brandId]/page.tsx	2701	1783405961	2a8e064b50eb6e5d3b44243fefb85aba0abbf5b7dcfff4a0fc5905ac01920138
apps/web/app/brand-exchange/directory/page.tsx	2490	1783405961	9b3a3c616be47e5f0b1c62a59809461f703eb49e784b7adf7a66c9ffada6b85f
apps/web/app/brand-exchange/inquiry/page.tsx	2018	1783405961	0f05b84d6f9cc7ddd54565f8359d3ff3e40383a37960a37816f20e6ec0782a6f
apps/web/app/brand-exchange/layout.tsx	2454	1783405961	ae4b75013702f281f54e2677e23dff441784948fff673c1784cc15d3e022ac2f
apps/web/app/brand-exchange/legal/[slug]/page.tsx	1750	1783405961	a7af2cecdc11db66a2b26561beaedcbf54c3758f360af816c98079cc008075df
apps/web/app/brand-exchange/legal/page.tsx	2791	1783405961	ae78a141730f398f47fe470291b16e7d727fcd0f1bf195f41b4a42c681b87fc8
apps/web/app/brand-exchange/listings/page.tsx	2583	1783405961	1af4481ddce81ce282c71a951e51c1cefa10a133b324bc3a79f1cf5d19796b3f
apps/web/app/brand-exchange/page.tsx	3815	1783405961	9b390ac7f753609c75214168f78a09250fea92484de87f6900a7c068c9afbb4a
apps/web/app/components/LanguageSwitcher.tsx	3139	1776946869	021b40eef74fce946819bee118f6d454017b9007491416b032247f23e9862a35
apps/web/app/components/LocaleLink.tsx	627	1775820022	c5867c7181603925fb9890669462f823a4c809556d92768958f1bd94eea3c23d
apps/web/app/components/NotFoundView.tsx	968	1776789188	493024dc02fd64c0dcbd66672aef10e38bda3d907ae3e31824853b559b701a15
apps/web/app/contact/ContactForm.tsx	9331	1775820054	d880c2a068cb97c3c71c266236bd0bf0cc51aa8d76adec9f9a0f1f0e776ce11d
apps/web/app/contact/ContactPageView.tsx	4834	1779184530	1461ec7f1518c627b75ffa34d6df929a2ec9f68896a97059f93cc0787f732de8
apps/web/app/contact/head.tsx	200	1776789413	298b4cddc7de4fc394ed57c23a31634f73e63d0de9f19fbb9cd276ac39cecfed
apps/web/app/contact/page.tsx	136	1775840887	30809f605a10067673ba9d52862f94fee68fdfd3bd450e9028744f8518569d69
apps/web/app/faq/FaqPageView.tsx	1531	1776790267	08c22ef34bfda8b724a4fc46cb9c0f55123766d28e91c1a8b00d45d52127239e
apps/web/app/faq/head.tsx	196	1776789413	e2cb6ba3483683a12d6a67fe4b43e360196e26e92e75ba503dc80a9d2a4ceaf3
apps/web/app/faq/page.tsx	120	1775840887	b21b61134ddf4acac666636a7fe0848e17d26429603b17068a951767a7136c61
apps/web/app/for-communities/ForCommunitiesPageView.tsx	1543	1776837550	ed7594ca80200dbc4d3abf7b251315bcd8dc5d43aa5076a27d5143144bfefb72
apps/web/app/for-communities/head.tsx	207	1776789412	1aaef5db8fb53e35a68228ec21d0c33b182989f1ce43d817c28489cbe09ceebd
apps/web/app/for-communities/page.tsx	164	1775840887	7f14f47e490bc01546afb1ed7f14b1b026f88484816e094a8b21e6fa5992cf65
apps/web/app/for-experts/ForExpertsPageView.tsx	1531	1776790267	b3c09eef4aaa74f4beb2384c1080c1fb69441ad78eb46dcbd57a7939f4bed943
apps/web/app/for-experts/head.tsx	203	1776789412	1897bfbae83b0fc2ccd3bec09e3eb1f38dd9a7ee2583f559db5cec268b31d952
apps/web/app/for-experts/page.tsx	148	1775840887	cccbe9755d9ae4c13846fcba9451e9fd2aacdc7f94e1063e5ad0e6226cddbd54
apps/web/app/for-hosts/ForHostsPageView.tsx	1266	1776790055	0967e6339d1d826cb73a2dc7b40400cb60acf5d588b79292c60dadc447a6ad1d
apps/web/app/for-hosts/head.tsx	201	1776789412	18f4acb7f1b6da4fcb109c5115d3d7efbca4323d40350338d40eaabda21d98b7
apps/web/app/for-hosts/page.tsx	140	1775840887	f9f07ed571b0d8c46fd1d5f66ab1a5ae77b54f15419303461cb1eb1d4fe1eb72
apps/web/app/globals.css	22118	1778543955	aec4c4eb61bf52711ffbaee05bc6e4b57532eaa47ff3f27706479b562be4510e
apps/web/app/how-it-works/HowItWorksPageView.tsx	1537	1776837550	2492e0dfc57ddebbc1ff14dd3c8e8ec7cefa0700b1a3996aec4ba635083e3409
apps/web/app/how-it-works/head.tsx	203	1776789411	13225a31bf2195b18d29a2d9f62670d978fd13d44f1153de5bfe674e04fa6081
apps/web/app/how-it-works/page.tsx	148	1775840887	f83ddc12934393d28395d98a6abdc772c2146b7c4edad2843cb78c4b9c8fba76
apps/web/app/layout.tsx	3286	1780553968	4c86de54f5f5c0780745c542dd9e9de3fa0343fa68b585e17c5c87322416673e
apps/web/app/lib/bilingual-source.ts	2875	1776790267	0dc78684a3193ede1001d2439c6eb7c8506a13e6ee1d384f638f37919d3d82e6
apps/web/app/lib/content.ts	68433	1776790355	83b021c5aa517c216c10127928d7d6bf742df5c1eeb3cea38f73d19716526387
apps/web/app/lib/locale-routing.ts	725	1776946790	bc3f59b4a08ee2195103fef5c65dcc3f7b6176d37793a9c02aced1f70895ed88
apps/web/app/lib/localized-metadata.ts	1075	1776946895	6d43fdc6279239574c0524f7df55597c74bffbd2acfa0aab782eac46d3b7b75e
apps/web/app/lib/runtime-seed.ts	1672	1775818641	3592806ebf5cafb66f5dabfc6f149dcfb131c95514b3ec6b0c89307984a1283a
apps/web/app/lib/useWebLocale.ts	993	1775231112	704ed53b00e69b4f3b5489b9eefa28c0b87b5f4be6141c14a790a9c11f326814
apps/web/app/not-found.tsx	314	1783405961	51bb9a56e02e9d8ae2e793f9172d06a82932c8a98de2a61e451dd12a8a8a9598
apps/web/app/page.tsx	299	1777313550	3e16907ff6ddda29a27dc36f494360ffa6b0a49b48023d0a7898572a7cb5082d
apps/web/app/robots.ts	718	1774809797	a980c83e05c9e66abbb932aae7505912ec9f18c7338b5aff8bb59fe22523297e
apps/web/app/seo-head.tsx	1779	1776946775	5f73f3a2ec772c9775400937e1c2552c2aef329172c6d8d0810efbf0241a8a59
apps/web/app/sitemap.ts	2036	1783405961	010d2d1b093edca5b689eaa8578b79e0ba7d3956143762aaa2f13f49c59bbdaf
apps/web/app/trust/TrustPageView.tsx	1470	1776790267	f63872b6ec17313c07dd0fa3bf77c2fa92ca158a934b15ce14d343c8c6b4b794
apps/web/app/trust/head.tsx	198	1776789412	9508199ffcb8310553cb4e8cc6ff7aba21b1d2bc6ac78c501bbc93eacff56f69
apps/web/app/trust/page.tsx	128	1775840887	bbf39aa1362879eeae85c948fece7be1aaedec6c3e0134d5f58ac5931b76bb5b
apps/web/app/vision/VisionPageView.tsx	1554	1776790267	af06e7d658cf63897bb2dbe8b21995a1d78cd21a331f01102c7c6eeed35b5964
apps/web/app/vision/head.tsx	199	1776789412	127a9d37490e29651013105f1ac8ce90cbe591026f1407e119768f753eae6b7b
apps/web/app/vision/page.tsx	132	1775840887	64b8a5f7e138b28d14be10ee85c5be9ba04d201a339dfc5070f93d409249e942
apps/web/app/what-is-omdala/WhatIsOmdalaPageView.tsx	2118	1776837550	c0916e42d1c2a3a9392795d2b80374e7cfed80891c51c2dc3f99e12f3119a46c
apps/web/app/what-is-omdala/head.tsx	205	1776789411	eadc17a3509f70bf627ec8aaa8d19ad00672324f838082403141cdbb3b2d72cc
apps/web/app/what-is-omdala/page.tsx	340	1777313555	5e59a20fabd262d0c12abe531cd247ca2732220efd361ff80c4fb5b38a1e2285
apps/web/e2e/language-switch.spec.ts	957	1777430802	9e9b0f65d7fdbb764871834893b072975310ea56c90fb0866be9bc76743d812e
apps/web/next-env.d.ts	262	1774790246	85ae5aee75f011967cf2d25cbc342f62d69314e9d925f7f4aa3456fc2cffcca6
apps/web/next.config.mjs	406	1783319124	775d92e86633120fc4b8cda2b8ab69aa35591397cd0a5cddb169954b6aa92e23
apps/web/package-lock.json	26132	1778220857	5447f0f523c87a586e721732d7c30b689299ac249796851a8cc81a36801dfe2d
apps/web/package.json	264	1779182585	6522895d187b50b5f7ecf273a2ad2604426da0296d9230068e27680a3ec798f2
apps/web/playwright.config.ts	794	1775282901	f7b338e89b6645dddc7abf7c06ebef52aefdebf0c66e6e968cc7d5a84ba7a7d5
apps/web/public/_headers	325	1774768479	3e95bed8f1a8a06b534e67130f271b88f0b86252481d3cfa2484c59d3d7371f6
apps/web/public/_redirects	110	1774768479	7d4aa972f6006be8fa9de9da1cce340386a6ac6a98fc55d7ba5e22fa1053fab2
apps/web/public/logo.svg	647	1774771203	1c0cd45f99f4eebcbfbf506a4ef040543aeaeaf451a825cbb43d601717d81328
apps/web/public/og-default.svg	1597	1774771203	1e777b5b4aeb8e22ade13baf5b99f05fbbeb30dba190ee45b6f898615446b84a
apps/web/public/robots.txt	158	1774768479	3f9c7a53647878dbac52803abc6e86c81e17302adff3678f25723dda1777afb0
apps/web/scripts/postprocess-locale-html.mjs	1662	1777354904	91bf67b0d7197c3c38b581730c577a9051b26d6989e3c0a18b96e66cb9d18817
apps/web/tsconfig.json	660	1779184851	7b934bb5a068f98ab767ed35047ecbb3f97d5295793de60f89fdf1e69dea1356
apps/web/tsconfig.tsbuildinfo	164861	1780652816	d93a80f6d1859293e67d6c4188c5d3c3cb48192f0d164158a0e02612af63ba8e
content/en.json	19612	1779184786	013379d11eb31157f17f141e1b28e6afe302d51447fa8a7628451323d17d4be1
content/vi.json	23494	1779184787	9d9604283eed65658c4d77eae7af9125fd16756c6572d18f59fdeb26f4a888db
docs/00_governance/PROJECT_CHARTER.md	4897	1777375869	964458d393feaaa647321beed13250355b236fac6b84e328e19b90ba5a22c8fd
docs/00_governance/founder-directives/OMDALA-FD-20260429-001.md	3478	1777438053	0530f5ccfc91e3a7182ec86ece6c23a4a0964db423f59d6711a9d12af812a453
docs/20_architecture/ARCHITECTURE_DECISIONS.md	6604	1777375989	38cb5e100405209dc7941bd3c29f0abaa7d86fd8da5554d88a50e0604bea3d10
docs/30_delivery/CHANGE_LOG.md	6631	1777438069	0fd2c8089560f3fb98b6e8444dde8d2832190eefce26ead719f8465ad3f6fa30
docs/40_qa/QA_LANGUAGE_CHECKLIST.md	4360	1777376103	a049bc3eb98943f38b4ef714afb378b03b2d7f75a5452fdb5b755d7932415919
docs/50_HUMAN_TEXT_CHARACTER_AND_RESPONSE_PROTOCOL.md	10745	1777975616	e20caa8c0b8d1c050b341fef702ca1f515bcb61804f6b780a082b8fcbda21a52
docs/ACCOUNT_BILLING_SOURCE_OF_TRUTH_2026.md	5798	1775733758	6d41ce4327b9d9f96ec8e8c34bac3899c6cdb8b733c162695330062f5f29387f
docs/AI_OMNIVERSE_MASTER_DEV_PLAN_2026.md	15017	1775321379	21fbba9800b9396b21034536a1067963de0d7f6cdcebd3620e2e06de07fa6c9a
docs/AI_OMNIVERSE_WEB_ADMIN_PLAN_2026.md	37977	1775321651	0903a566f656bf7baf9d7fbe8c36dd17b5efae8dc97392238ad3b602867a3340
docs/API_SPEC_OMDALA.md	2501	1774771374	0c8a4d549901bdfb94e673b0dcd611d3817352867dba632b13d9ae1af1342a0d
docs/AUDIT_BRAND_EXCHANGE_PLAN_2026-06-29.md	7508	1783405961	0af8878bebc960909ccd71e541b400bc10e37c708ec75c37297ff01a8887eb40
docs/AUDIT_INTERNATIONAL_STRATEGY_2026-06-30.md	3994	1783405961	5012ba25650fc031ead9e3077fe5b375fa3d6a17f5d20a15ce3ba32ff8b20383
docs/AUTH_SESSION_SOURCE_OF_TRUTH_2026.md	2912	1775731275	d2fbc1efe25b430b922eec125fe49151d675bfb0ce7ffa9747d54fcc6606e61c
docs/BATCH_S2_STAKEHOLDER_SIGN_OFF_2026.md	13863	1775637677	48cfdbc153ea7c98c84bfb68d4b896f0f6998183d075af3d6616c42e4c1485a4
docs/BRAND_ARCHITECTURE_OMDALA.md	3039	1778544115	57508de0e42927ae8e6a70919ef88beff6ac358ed06d8facd3d7b82d26af150d
docs/CLEANUP_AUDIT_OMDALA_2026-04-03.md	6005	1776410169	c159b8b7aff07f7a77e015a0e7fac410a60e8c2e507e0fd6beed6c46394af275
docs/CLOUDFLARE_ACCOUNT_BASELINE_OMDALA.md	2353	1774775911	df1cf28e21038e4d85730b2a8d743c40f23332e97e4ca0ba8f03ea3146e54701
docs/CODE_MIGRATION_PLAN_2026.md	6607	1775637444	04134e6261ceee587687b07551ce7c3fe735269f34a141d3f898b11d2e716023
docs/DATA_MODEL_OMDALA.md	6023	1775191416	0d400662166ef1d8313e53c25757fffb303d78625785df77be58f051f68768a5
docs/DEPLOYMENT_RUNBOOK_OMDALA.md	1220	1774789463	9592d5f92d7dd571098ed4a9f75102ef10464f4df019273afe27d276e77fc52a
docs/DEVELOPMENT_KICKOFF_CHECKLIST_2026.md	5745	1775637444	4b08f0462fee8ae04210dd055f9bc59b632649a883bb2fd795f0a0c99ce437c0
docs/DEVELOPMENT_STANDARDS_2026.md	18949	1775365855	eedde47c6e5f1c6ba26fad95864ba12738b1fa01d854649312a97535b4ccad54
docs/DEVELOPMENT_STATUS_OMDALA_2026_04_04.md	20794	1775637677	e1cc495f8f786cb3851c958a8a9082bddf44a160dabe87434953864e0c524a18
docs/DEV_TEAM_SPLIT_AND_RESPONSIBILITY_MATRIX_2026 2.md	12117	1775320956	ee1dffde65ab5b7b0f0eaf3f3cec5e3f8a4482423da520b56b9f9e81e84cee39
docs/DEV_TEAM_SPLIT_AND_RESPONSIBILITY_MATRIX_2026.md	4502	1776576610	75997b905b071e1d6f49b5e7ccfe3c3f1e67b6f2a3c9635584df0680d81e8bb3
docs/DNS_SUBDOMAIN_DEPLOYMENT_LOCK_OMDALA.md	2822	1774775826	43edc4c5d3850a9b7867c5ac624c6b8e105ac437148c23fb3ad641a6e748198b
docs/DOCS_SOURCE_OF_TRUTH_INDEX_2026-04-08.md	1541	1778292715	ac0c94b1129aeb53e506c7e249bdb6b40258c3653601763e87c1052cc7d6cdae
docs/EMAIL_SYSTEM_STATUS_OMDALA.md	7584	1775637677	3308c460d527af2b6a91d21a93c63bc2c7b0e6a32381950b5f8f98304acc315b
docs/I18N_IMPLEMENTATION_LOCK.md	5446	1777376076	dfe6c335990212da18d58671af2895c427f2f963a35ec6818d8dc9a22c2721bf
docs/IAI_CODEX_TEAM_USAGE_SYSTEM.md	2575	1775731591	58ef064fc4725faaa8f1b2a7c3b145952d6a9545ec7f6f4357ce386fea6513b0
docs/LANGUAGE_CODEX.md	6225	1777375941	c747c15cd9948cf3eaffe3087182e6d5cc39f096e1747f84345f392b907e0bc2
docs/MASTER_BUILD_SYSTEM_OMDALA_OMDALAT.md	11933	1778220857	dd4a6f9db86e11ff486430bd35e7d762b5d1e4a02f92b90e459be08255bd15a8
docs/MASTER_DEV_COMPLETION_PLAN_2026-04-08.md	10850	1775637677	008828a04e132e9fb61b5fd43ac114c67b4ecd650728803ebf785222aaf79561
docs/MATCHING_ENGINE_OMDALA.md	2230	1774771374	7d73445f23eae51f85c65f746b7038a4abed43364a767f9b06b81d921105a583
docs/MISSING_FILES_AUDIT_OMDALA.md	2472	1775637677	08cb5157bddbd73d84cb30c54fdb8bec492afa8c14904badb0eb8486650b5569
docs/OAUTH_GOOGLE_RUNBOOK.md	4457	1779205557	9ed6baaa228dc8cb7bcb263a62073fa5ca7b5917771f911a9f68513968f52930
docs/OMCODE_APP_RELEASE.md	7262	1780281168	85a70d75532c4ef35bdf73badc9887623d17903d972185c7be20350ee2a47d02
docs/OMCODE_AUDIT_100_PERCENT_2026-06-01.md	3031	1780277506	be21e2b3deca3117116389c2bf1ef4a099198b1c109d7e9bc1626b5bdcd0549c
docs/OMCODE_AUDIT_REPORT_2026-05-29.md	7280	1780026676	12486119053230b9af6c112b851429949d7b470ad3feca5dbb91919618b6263f
docs/OMCODE_BETA_TEST_PLAN.md	2331	1780000485	9060b398a169a0a0d5657175af11e2c4ae884aa8ecd73b10733bd40f823941a2
docs/OMCODE_COMPREHENSIVE_AUDIT_2026-05-29.md	6459	1780038636	6da706aa087ef1f8df93ac01c35b62449227f10e132b378881911bc2ce056c56
docs/OMCODE_DEV_PLAN.md	3734	1780026742	fe4054fc1554182eee312edb9205ea6056e8e4cf80c82235505c81e1d118e46c
docs/OMCODE_IMMEDIATE_AUDIT_2026-06-01.md	5846	1780276835	6d13172dc5871ca27e21500c47b80feec273ebbce32ef6f56d53d33381cfb902
docs/OMCODE_PRODUCTION_READINESS_AUDIT_2026-06-01.md	2429	1780273871	1221b53244602d44fb648dabe99e7fe10d41320b6891a6db9ef3d1dc7cd06117
docs/OMCODE_PRODUCTION_READINESS_REPORT_2026-05-29.md	11944	1780056922	0a91aa87f3a57391dcdee14a1c0da8e62ca9f70541cda7270479507fa76b61a2
docs/OMCODE_TERMS_OF_SERVICE.md	5584	1780026243	2e091e92af9a883d0a2a2e592bbcdc16514c2a7e128763e2f01d9bc8b86a6a45
docs/OMCODE_USER_GUIDE.md	3111	1780024354	ef65a411ec7d84128923550b18f262bc3265396fa712c5694fb011e4961b4683
docs/OMDALA_3_TEAM_DELIVERY_BACKLOG_2026-04-19.md	5875	1776579803	24da2d63d7f03d3f9be233df87bcbdce6afa118395a066c63746c218265a9efb
docs/OMDALA_3_TEAM_PROGRESS_TRACKER_2026-04-19.md	6297	1776607773	75d8e16f7a4ec634b4a31770ea3d0323dd3efd39c72d06a8c30ded2c780ae7ae
docs/OMDALA_API_BOUNDARIES.md	1568	1775190756	ca8a6b1bdf0b52e7af9be3f611fa06008297b9d3906eee16db4d35684805a03b
docs/OMDALA_APP_OMDALA_RUNTIME_WORKSPACE_SPEC_2026-06-30.md	14483	1783405961	2e6912a52020dd5bc4df42e3141d382bfe09baa9e138bd7eb99048d4d6af9240
docs/OMDALA_AUTONOMOUS_DEV_15M_PLAN_2026-05-07.md	4129	1778292663	8020337f520e7f797ed90160b500cf24eda8cbd03db28486eed400d46508f2ba
docs/OMDALA_BACKEND_FULL_ARCHITECTURE_2026.md	4598	1775199430	1897d08724459396a09c33b696f73e252e5ff3d1031ffe3d7a8225d86e654cad
docs/OMDALA_BILINGUAL_3_TEAM_SYNC_EXECUTION_2026-04-22.md	13183	1776946812	7ebfb452663e3f9690b21c87c7473c3d6ddd82d17b1d7f517edcbb355a718443
docs/OMDALA_BILINGUAL_LANGUAGE_AUDIT_2026-04-21 2.md	3758	1776790342	5137433b5b5b192f77bf151393d326de16580b99a13b3339e5e8c37688719b58
docs/OMDALA_BILINGUAL_LANGUAGE_AUDIT_2026-04-21.md	5845	1776946812	4d3f5f84237acc55cec16be819b0b81dfa79deb7209a1a3ff287a175d0bb2a77
docs/OMDALA_BILINGUAL_LANGUAGE_CODEX_2026-04-21.md	2839	1776790342	989a613aa1be79bb4800c33279cd8e07cee6b180bb13b3535438cda2cf26cf48
docs/OMDALA_BILINGUAL_PRELIVE_REPORT_2026-04-23.md	1409	1777430943	25276d97ab9a375dc703dcf39b24027023c2919eac440c75ec90678967264b43
docs/OMDALA_BRANDPRO_APPLY_REPORT_2026-05-12.md	4351	1778544981	48686ab64ca30bdc75e60b0bd905b5f8a5c1df903138d5d46be7faf14d44a1de
docs/OMDALA_BRANDPRO_LOCK_2026-05-12.md	4427	1778544439	babd9bab4fecf06b6008d59c92981876ca7beb7edb0cd6a95d9f3f985854c01a
docs/OMDALA_BRAND_ECOSYSTEM_MASTER_PLAN_2026-06-30.md	6097	1783405961	e235cfc1f4756e06030acc0ec97b63bc6ff2d0f5c9e9413f5a3972788e0282a2
docs/OMDALA_BRAND_ECOSYSTEM_UNIFIED_PROPOSAL_2026-06-30.md	20763	1783405961	7ac34dd973647152408e88a1c4cdae4c9c532756dd74a1df296fe0437ba374b3
docs/OMDALA_BRAND_EXCHANGE_API_CONTRACT_2026-06-30.md	4927	1783405961	223633c4fa944c0d3bb641fd39044905e4e55cf377f947af36ed39b703db4527
docs/OMDALA_BRAND_EXCHANGE_BUILD_LOOP_PLAN_2026-06-30.md	19632	1783405961	b433417e430b40873f7cd9b1de062f4df389af9c25ac448e82da5a2f33883ff9
docs/OMDALA_BRAND_EXCHANGE_DATA_CONTRACT_2026-06-30.md	5297	1783405961	be27c8d453b877b10349bedd13e37297d557a3f6ce358707f5aeb143ea37fe99
docs/OMDALA_BRAND_EXCHANGE_EXECUTION_BOARD_2026-06-29.md	9870	1783405961	3372be8f3bf7173c2bcf9281a4507bdca52b8e734cb3163f2ac3123cf64e82f4
docs/OMDALA_BRAND_EXCHANGE_GAP_AUDIT_2026-06-30.md	16285	1783405961	a99211c53f3a6001443400ac8728b22488ca8a94c4babd6686d1e0cedc1b9fe4
docs/OMDALA_BRAND_EXCHANGE_LEGAL_INDEX_2026-06-30.md	4628	1783405961	555ed2c617b1fafd55b693800ba23d36817e5af5ec573dba328792a818d94ca9
docs/OMDALA_BRAND_EXCHANGE_MASTER_DEV_PLAN_2026-06-29.md	34335	1783405961	28407d117f8536589b658472fbfd7de707aea606394a717430c07089253396b7
docs/OMDALA_BRAND_EXCHANGE_PHASE1_GO_DECISION_2026-06-30.md	3531	1783405961	0aa26bdd335777fa95178af8ebae80054fcf063614ef35d561ad992f3508e5ad
docs/OMDALA_BRAND_EXCHANGE_PRIVATE_INVENTORY_PLAN_2026-06-30.md	5508	1783405961	7e0be3c54ba1aff2b5e4b2a9551602f26cb88f5a11f417b4f5d98c5880fe17f0
docs/OMDALA_BRAND_EXCHANGE_QA_RUNBOOK_2026-06-30.md	4370	1783405961	89310a77e7a9dcf6cec0a56bc6322cd6309ccc632ca99d8a5f36dc066f79e5f3
docs/OMDALA_BRAND_EXCHANGE_RELEASE_EVIDENCE_TEMPLATE_2026-06-30.md	8898	1783405961	80f1f8de6db21aed39e631f2ca20fedbb9dd1bb363806dbc51cf1846e65f6da7
docs/OMDALA_BRAND_EXCHANGE_SECURITY_BASELINE_2026-06-30.md	2624	1783405961	a721ee1eb998579bf222e331a255bb6b967cee5e3260070a649cf30e0cf878a7
docs/OMDALA_BRAND_EXCHANGE_SEED_INVENTORY_2026-06-30.md	3824	1783405961	5c6ebec8098918e3e5f7c3b2f5a0dca2bdc61d8d8995624aef5042bc472f70ec
docs/OMDALA_BRAND_EXCHANGE_SEO_ROADMAP_2026-06-30.md	4678	1783405961	5854fe692469ee130d94cfce603246e474606f97edf9944c8ad690e4664e4b87
docs/OMDALA_BRAND_EXCHANGE_VALUATION_FRAMEWORK_2026-06-30.md	3787	1783405961	da1a8470760de000b0dd134fa7ce5d1fa08a9bf5e301a5c0b2ed97f20fff45e9
docs/OMDALA_BRAND_OMDALA_EXCHANGE_SURFACE_SPEC_2026-06-30.md	10202	1783405961	e74f85a1165258831bcadbdbab1872c32c7547d13856bf9e7ba74d5263cc0910
docs/OMDALA_BRAND_OWNERSHIP_PROOF_WORKFLOW_2026-06-30.md	4706	1783405961	80a0c752b7a48a99970bfc6232788ff8628c6419a418e93106d52ad464e1c350
docs/OMDALA_BRAND_PACKAGE_STANDARD_2026-06-30.md	5796	1783405961	29582ce0f2cf55439905651b1e88ad4a8349a4010021cbb424cc41d781abc43a
docs/OMDALA_BRAND_PORTFOLIO_REGISTRY_2026-06-30.md	5463	1783405961	e7b0e69683c909ae91d3945aa4b780aa89d19c6eab61752dddbd9fbac4d8f914
docs/OMDALA_BRAND_VALUATION_FRAMEWORK_2026-06-30.md	4289	1783405961	2d38400ce6162de4ce2931ee582efe3470e7da97a22b3633d75eeb29d07cf385
docs/OMDALA_CLOUDFLARE_LOG_QUERIES_2026.md	1982	1775229148	2acea27bfe08a63fd7d090b38f07cfcf7324d9da0777a4d30206b62d6016f3de
docs/OMDALA_DATABASE_SCHEMA_FULL_2026.md	1392	1775200946	7a2c86f254ed01298d9043e577eea881e3585ae31550ebc21219b7ee38edc4e4
docs/OMDALA_DEPLOYMENT_LIVE_SYSTEM_2026.md	2626	1775199530	b91ecefd87a78335bde55df3e901f07831756e4067eaedd12afb568d3436519a
docs/OMDALA_DESIGN_SYSTEM_2026.md	2944	1775199430	4450067e7071d29813a75515c1c6e6a76c6d0c80a65bcfd87933ec0d852e47aa
docs/OMDALA_DEV_TEAM_EXECUTION_PLAN_2026-04-17 2.md	4984	1776410152	687bda4a19bc982dd548cf67e07519d152cd5065e7e6cd127bb84405fcda9c08
docs/OMDALA_DEV_TEAM_EXECUTION_PLAN_2026-04-17.md	8144	1776579915	e7da9b8f5270e403e37b755e4d20e863c901d86393337264d860ecf0269d4fb3
docs/OMDALA_DR_PLAYBOOK_15_MIN_2026.md	3009	1775215641	940514e15b6f131919ed6b88a1c21d1ca4cf1b3e8ba348fdc206ef92d2e8c96f
docs/OMDALA_EXECUTION_BOARD_SPRINTS_2026-04-19.md	8543	1776580446	a0a6beffdaac3eab23dbc15201a00c0fd94bf9a3c9b8476d0cf5bdc2783e2fe3
docs/OMDALA_FULL_PROJECT_AUDIT_2026-05-29.md	13722	1780034077	94ebe05c5f3878629a69f40ea0d925c83dbdca7c355d074ea8c0a3d5d557c880
docs/OMDALA_FULL_PROJECT_DEV_COMPLETION_BOARD_2026-05-19.md	9124	1779157052	06100e6d8a553a59c6f581635c5651574c600553ba05b30932c1afefcbbbd01e
docs/OMDALA_FUNDRAISING_SERIES_A_2026.md	2389	1775199530	a4b0310c400a24844c0ac4458d4827489a59e83b7f0f33329fa3597db9445411
docs/OMDALA_GIT_HYGIENE_RECOVERY_PLAN_2026-05-07.md	20894	1778256241	14a75a4a50ac97af74570bc34719101b47f7b6542a9e423c2a76216975baae38
docs/OMDALA_GIT_ISOLATION_RECOMMENDATION_2026-05-08.md	8679	1778277107	88124ea1d2a537e47f6be9e543add626a585a0919e6213472f0fb217b3ed7f34
docs/OMDALA_GLOBAL_BRAND_ECOSYSTEM_MASTER_PLAN_2026-06-30.md	12700	1783405961	e9a8dfc0ec4890167d3d28ad1eba4ae9b5e448671d991bfaf04abbf637151ec9
docs/OMDALA_GLOBAL_BRAND_PORTFOLIO_REGISTRY_2026-06-30.md	7598	1783405961	d05a4b481c44541d806cdfbc85f83647b831a2c804e24782ee3885004e054164
docs/OMDALA_GROWTH_STRATEGY_100K_USERS_2026.md	2281	1775199530	d8074e9fc252fac28a16fe813e4f31cf63570f7a7e0265d446f598c46858cde4
docs/OMDALA_IMPLEMENTATION_CHECKLIST_BY_SURFACE_2026-04-19.md	7232	1776579812	aa511e73d88d4a54381f2e5ca6fc26886370c7997d696108b2c6199ca001066f
docs/OMDALA_INFORMATION_ARCHITECTURE.md	1867	1775190756	9de2b9fa3fa1aff0055aa27658796a4c57e7437df32f146baa864b55c3c09a07
docs/OMDALA_INVESTOR_PITCH_2026.md	3470	1775199430	919648e7a7b8165c184ce93b9ea1fbba40b0433c2c4274906b4e5f36bf072422
docs/OMDALA_MASTER_ARCHITECTURE.md	4034	1776410152	a54a32bf9fce79c7aae675430d90ef12cd1c09afc7311cb790868054d9cfc7ab
docs/OMDALA_MASTER_EXECUTION_PLAN_2026-04-27.md	12190	1777349382	0da03c8c35b0e5e737026fe577499b90050e4fe42e53e04dd41ed2a4535eb3d9
docs/OMDALA_PLATFORM_SEPARATION_GUARDRAILS_2026-04-17.md	2341	1776410152	c7cfcb7d08cdc6a4d700d80ed93f5117aa7eef151566cae6ea2074ed5313c8b8
docs/OMDALA_PRODUCTION_CODEBASE_FULL_REPO_2026.md	3174	1775199530	37db66f69d5e1283fa4d2a0e961e81b30b589723f29f34ea544099d32b982f43
docs/OMDALA_PRODUCT_PRINCIPLES.md	574	1775112862	84de92cfedae96710608a4dc40c1f346162bfe3a3fbf2ad70771fa47fcdf70f6
docs/OMDALA_REMAINING_TEAMS_EXECUTION_PLAN_2026-05-09.md	3228	1779150110	a40b3da7f3abfc45f4df31c67ffef12ae85adb292b335666301b2cc87d844290
docs/OMDALA_ROADMAP.md	317	1775112862	38b9f88796499423594534456e530070790e2981981ffc9bca1e755414377bf3
docs/OMDALA_RUNTIME_TRUTH_STATUS_2026-06-30.md	9146	1783405961	ab0d0dca49b5c260c2607a234d2d2231cea492e344b3468140d4f94a8ef6d858
docs/OMDALA_SCALE_MVP_PLAN_2026.md	5156	1775199430	f701adbb751c169e3c7af4fe96861012f2932c426e108b157c0bcc02e3e71657
docs/OMDALA_SHARED_PLATFORM_CORE_BOUNDARY_2026.md	11603	1775320972	2b5f96cdc2b799282d45220270cb4c536cb34e4b1ecd3e91d691ab99dea6257e
docs/OMDALA_SINGLE_TEAM_MASTER_PLAN_2026-05-19.md	13942	1779849172	23d719c91c9840597f59ce93e9d55babca60687efb121e064a2b049843b10db9
docs/OMDALA_STOP_THE_BLEEDING_EXECUTION_BOARD_2026-05-04.md	42835	1778300529	c5d9fabf3c1e6314fd7b47948b30efa8377aedfabebb2956a0082e6ac2e3219f
docs/OMDALA_TASK_SYSTEM.md	351	1775112862	47bccb46bbcff4a58676c36ecc8537fe9577b74c992ee99bd3d6c53dcfbbaed9
docs/OMDALA_TEAM_2_BILINGUAL_FILE_MODULE_EXECUTION_2026-04-23.md	5349	1776940331	a4de8b300b609756abd13b8ff8d550d879bbfc6ac7040d3e6d068b8728923de6
docs/OMDALA_TEAM_3_BILINGUAL_GATE_EXECUTION_2026-04-23.md	4257	1776940331	761ab2b0b1f962ea24c6bc7870578c6cb8c09978efc451d8487a42ad5b33543a
docs/OMDALA_THEME_SYSTEM.md	1986	1774771374	1ffef3b2e9872a64099f64610200829dc60c69ca8d5ad6ec2b750444f533f7ef
docs/OMDALA_UNIVERSAL_BILINGUAL_LANGUAGE_REBUILD_COMMAND_2026-04-21.md	7603	1777209362	d2ba094bdf06438ba6c0cd50e4019fc9e43cba8a9c5a61cf03468d996c6df454
docs/OMDALA_V2_ALERT_RESPONSE_RUNBOOK_2026.md	3614	1775229258	0bbd63746bdfa16adad6f2689bb4e2eff6f34fe64e30372e83ba61f38d901181
docs/OMDALA_V2_BUILD_SEPARATION_NOTE_2026-05-09.md	891	1778300417	45c30a5775eccc4201714413f5a86c5c43c70e37c9eee11fca0f7f630c828975
docs/OMDALA_V2_FOUNDER_REVIEW_CHECKLIST_2026-05-09.md	2178	1778300435	5cf16cad4ae61328e16762308ed4c3fe0220eb8f062ca2d2af9d0e3c6bec28b0
docs/OMDALA_V2_SIGNAL_SUBSTRATE.md	10367	1778544115	58adf1271670c700e0f482d57c33247f5bc260d0fd39139cc517e5e902f5c47c
docs/OMDALA_VPS_POSTGRES_HARDENING_CHECKLIST_2026.md	3684	1775215640	e4b2f8c417dece0bea8d4d9105d232e5faf94b8de6c1111677d7f275dd6ecbff
docs/OMDALA_WEB_UDEP_LOCKED_BASELINE_2026-04-19.md	4446	1776607735	5e373dbfee2042b66a60317dacdf713e8e7e29f8ff449daa27c922008ec7fd12
docs/OMDALA_WEB_UDEP_VERIFY_RELEASE_2026-04-19.md	2221	1776607748	316b02d4bda93be08474f6ff11960e2ddd654b532136cbedf0596b8a2bc29b7a
docs/OM_AI_AND_AI_OMNIVERSE_SPLIT_MASTER_DEV_ADJUSTMENT_2026.md	17118	1775321065	59ed232295d74c5cf6595366477252691e8c58b75ef5fbc809501654186d22c8
docs/OM_AI_BRAND_DIRECTION_LOCK_FOR_DEV_2026.md	14277	1775364368	17f7c85fafc8327652da4db84da2ceb5f9f6e14be57edb4642f1bb371b8a8c15
docs/OM_AI_BUSINESS_FRONTDESK_HOSPITALITY_VERTICAL_FINAL_DEV_EXECUTION_PLAN_2026.md	17098	1775364131	437120dbb787f3c0db82391d4d2f467f8fd64f9c2a037ae46cec6f755b29951e
docs/OM_AI_FRONTDESK_HOSPITALITY_EXPANSION_DECISION_2026.md	14718	1775364258	a37868a447805e69aefbf6e33c69b2679c8a0dbc3697bca8ac4938b45cb0891c
docs/OM_AI_MASTER_DEV_PLAN_2026.md	13096	1775321334	37fe90bd73b41860822b490cd52aad7c9e1d7f2145977355c02851ca67d6d05e
docs/OM_AI_WEB_ADMIN_PLAN_2026.md	36683	1775321548	1e98369d12966adf120b8ab3d40d8c24a84c8f23d23d019dd134d40f0c322992
docs/PRODUCT_SPEC_OMDALA.md	3011	1774771374	08a0857096d9d547e761a35fcbaac4dcf517234059ee5140de6a80a7dac72298
docs/PROJECT_CONTEXT_ENGINE.md	2121	1778292721	b04597f910c9d50f303abfb2da5d4df57d627ce456c5746ad7573e7995693d7c
docs/PROJECT_EXECUTION_BOARD.md	2528	1779157045	2c0a4a86ff036f40dab72a186e5f84f39a0ba0e15b7ec5dcdf4b312dc40cb662
docs/PROJECT_ORGANIZATION_SUMMARY_2026.md	6000	1775637444	3e2e6c93c2448613264f6d2ba92fd40f5da7dc271d6c72bc8911ad8cc8b94b59
docs/README_DEV_HANDOFF_OMDALA.md	2926	1778544115	e5316fc898fc2a6be5c2ec28848174a50b6c7b6369ab75c66e2c6295a54aca9a
docs/REAL_TIME_PROGRESS_TRACKING_2026.md	13976	1775637677	6634181eb520003abe1a55e20b904c9d7a1eb5127c96ff5850929b7ea1986aa9
docs/RELEASE_COMMAND_SHEET.md	996	1775805251	7545dc92a344f3616d914832eae6ee3de37ed44c366423c0dc89c80a13d7a3bb
docs/RELEASE_HANDOFF_APP_API.md	6100	1776410152	c2c0d9a2fbd3deb506fc61d4d1781699420cc143508c9f1d08e76aae8f6bd802
docs/REPO_SPLIT_DECISION_AND_FOLDER_STRUCTURE_2026.md	5262	1775321091	5a5c393d45502b583a9d065bb492d9b2dba3912319b78ec908f4222e2a28a209
docs/SEO_GOVERNANCE.md	4051	1777376044	0b0ec3d465b522071e287a0fd55bee8d68ec49a054aae9fa57cd377127022d0a
docs/SEO_MASTER_LOCK_OMDALA_SYSTEM.md	3576	1774771374	83008057ea343fe77689b8dc223a508ee14a0b96233500ce13d834e4baa1580f
docs/SHARED_CORE_SCHEMA_2026.md	13048	1776619371	d0408f3fe4ab40f43a8103cc2639166d6612206d01bca657784eadabac845a92
docs/SPLIT_ARCHITECTURE_BATCH_S1_COMPLETION_2026.md	6769	1775321124	1c2f2886229530389e02649b0f9bf1d52b915d6afcec92ad704b7f2cb7c6b841
docs/SPLIT_ARCHITECTURE_BATCH_S1_INDEX_2026.md	8919	1775321169	35576a1fac3299ca6882eba8773567919c1499180c0a8e415c8cf14b235e8c79
docs/T2_2_WEB_PARITY_BETA_SIGNOFF_2026-04-10.md	1501	1775802132	b70d4dcb61ae9411a811df0d9a0475ebd5a689be797bff6a7325e04f93cec5e3
docs/TASK_ASSIGNMENT_AND_AI_ROLE_2026.md	20784	1775365861	b37ad2484e44be17af1c8b1500bfd87dda332c285df61c01809591754c30b492
docs/TEAM2_HANDOFF_TEAM1_CTA_NAMING_PROVISIONAL_2026-04-19.md	2136	1776583986	682c1de6103de0399c10ce4ef84b4b0cc723c8e56110fb2fe0f6121b953bb52e
docs/TEAM2_HANDOFF_TEAM3_RUNTIME_CONTRACT_CHECKLIST_PROVISIONAL_2026-04-19.md	2421	1776584005	67c12cc4c6dddaed3e5a69389fd2e9690899576d9e7cfe3b4f52c6d27999ee8c
docs/TEAM2_ROUTE_INVENTORY_REDIRECT_MATRIX_PROVISIONAL_2026-04-19.md	5831	1776584015	f1d2fe7df2dda5aeebed130ea895dee70b843dc404f9eb27ad991053734b4640
docs/TEAM2_UI_LABEL_AUDIT_PROVISIONAL_2026-04-19.md	4177	1776580244	08069c405a5f4e43d029a8fe2936e4355204a3b89090e6eec75c2f8f5634367e
docs/TEAM_1_ADMIN_2_HEARTBEAT_REPORT_2026-04-23.md	3978	1776946905	369e9a580f538980fdbafb323cdfc05019adbd59c2f8ec64cc68a3096487be85
docs/TEAM_1_BILINGUAL_PUBLIC_WEB_EVIDENCE_2026-04-23.md	6221	1777365143	d5f8706695bf42ebc0fb373d5d4aef7ee44e6d1b19d36b8864b1a1d4d898fd40
docs/TEAM_1_FINAL_SIGNOFF_2026-04-27.md	6102	1777355186	b44c1e061214a5d8778cb3cca9034b5c122b1d1317e4d1c043c674859b767c20
docs/TEAM_1_PROGRESS_2026.md	14851	1775999968	a58e44a61c4cb420e8dd034bc90b928de5d88cb84a335752366afc1404c1eeaa
docs/TEAM_1_SIGNOFF_TEAM2_SPRINT1_2026-04-19.md	1216	1776584065	9d49f1dbe1b37b92abaf5ab8abb30ad2790f31bfc708b3dbc9c8a0614352aa1d
docs/TEAM_2_AUTH_REDIRECT_MATRIX_2026-04-19.md	2643	1776580315	467890e7a9220137989d0e9086fa3b43d9947eac0a03b18fe3ea83592bda53da
docs/TEAM_2_BILINGUAL_PRODUCT_COPY_REGISTRY_2026-04-23.md	9178	1776944462	9f34be98d3e26f9f8774e8780cb9d5fd2cb261122f75eee507fdfeda56004c58
docs/TEAM_2_BILINGUAL_PRODUCT_QA_EVIDENCE_2026-04-23.md	4699	1776952195	f34a31292caa4ce687f059f820621bdd3f6cb2cc3644b9c117a51f66f85e68d2
docs/TEAM_2_BILINGUAL_SOURCE_STRATEGY_2026-04-23.md	3562	1776944548	cf432c150f950c594bcb5ad6d89dab582a25c48b412b88d3d44c595eafe9f15a
docs/TEAM_2_BILINGUAL_TEXT_INVENTORY_2026-04-23.md	15203	1776952109	e45b98a434439598c8c7fd22b24f36b5ff3adbd7b9b1cb85a7382340f545f161
docs/TEAM_2_PROGRESS_2026.md	29220	1777995513	c931e4eb36bc0227fb3dd89430f109cd6123f68e571abc4a34e79642e51219e4
docs/TEAM_2_ROUTE_AUTHORITY_ARTIFACT_2026-04-19.md	2413	1776580296	c4077c543253f295c1c8f156bc57a0da7bc3a928db66a5203eeafaa6723e5af7
docs/TEAM_2_SPRINT1_CLOSURE_PACKET_2026-04-19.md	1884	1776584054	235f9f037bb3aa14af9c220a4cfece4b0ae51b3431a9c067d170a4d5c66614a9
docs/TEAM_2_UI_OWNERSHIP_BOUNDARY_2026-04-19.md	2280	1776580330	c37767c5592949ab211a3351ff0b33875d40c0dd6335fa2ea59db8e10745b67e
docs/TEAM_3_BILINGUAL_NO_GO_TRIAGE_AND_FIX_ORDER_2026-04-23.md	4439	1776946300	0501151b78594073711477e01584db588fbb30abe5aa3dbb17f3883ceda0c076
docs/TEAM_3_BILINGUAL_PUBLIC_CRAWL_SPEC_2026-04-23.md	2984	1776943256	aec994506865461276a25a961ccb383f8675e31d4003a76d0657964340fde496
docs/TEAM_3_BILINGUAL_RELEASE_GATE_DESIGN_2026-04-23.md	4023	1776943237	f4b403a6754907423fbcb20d630a4266436928213f1e891e956d6dbc625d736f
docs/TEAM_3_BLOCKER_REGISTER_2026-04-19.md	2027	1776584392	2e7bd448c123a848360ab480e195ed17f7ad9fe2808159dbd394a0dc01543818
docs/TEAM_3_PROGRESS_2026.md	1907	1776584398	b81848e25470729e3f219241c21d05712d334ad12cef4b99fae1ab898aaaa09d
docs/TEAM_3_RELEASE_EVIDENCE_2026-04-19.md	2759	1776584363	50771c6bcc88dfffbbaf776f438fbf28304debc966e956f81f980e95a184886a
docs/TEAM_3_RELEASE_EVIDENCE_2026-04-29.md	5070	1777438029	ca23408051673c63f8000145e59e0b47aceacb84157ec7dabfeaac89f21ce1e6
docs/TEAM_3_RUNTIME_RELEASE_CONTRACT_2026-04-19.md	4090	1776576900	5787569aad670798a0a105b91a9af631021846d1fd3a9146772616764c9b3bac
docs/TEAM_3_SIGNOFF_TEAM2_SPRINT1_2026-04-19.md	2168	1777437995	1d336d7ec4cc8e3c0bf0a34bee82490985b28222648a12963242dd86f9091b75
docs/TEAM_COORDINATION_GUIDE_2026.md	16970	1775322026	9f7e1796819166de08730b73524abff2e18d20b9cab176c57de1094d0676fc45
docs/TEAM_CROSS_STATUS_REPORT_2026-04-29.md	3131	1777430967	fd90f3bcf772798ab5e97ec8074793c0746c8879b7bedde0d8577478982db29e
docs/TEAM_HANDOFF_REQUIREMENTS_OMDALA_DOCS_APP.md	1279	1776584125	4fb1ebc3a9587055857be756a5851d064bfcdeaf794e8811d7bb89cd74b3fc1d
docs/TEAM_OWNERSHIP_MAP.md	4574	1777375898	9b871eb969024aea11fdc59013caa43ae23c16f69ff7d0d8717dc3ed5df5554c
docs/TECHNICAL_SEO_IMPLEMENTATION_FILES_OMDALA.md	2419	1774771374	1c4601fb286fef777c8271153fc5d1d45ff6c7173bcbdc5028978f05df582df4
docs/TRUST_ENGINE_OMDALA.md	2266	1774771374	8cd3f45dfc48d6643b47aba37a8d4c072fbcaa66cc15421ee5d62bf2081bf104
docs/TWO_TEAM_DEPENDENCY_BOARD_2026.md	3639	1775759355	88c5e582feee90973051e278900f159ccffa10a16a516ff148996de5367c77f1
docs/TWO_TEAM_PARALLEL_DEV_MASTER_PLAN_2026-04-09.md	13622	1775729982	b50f84c656defaf89379a3e330fabce34075dcf3ad9bca99f55fececa5208fe6
docs/VERIFIED_PROGRESS_2026-04-29.md	8842	1777435704	870b84837a5be99093af34b88a97f3d9fa533747eb9b3b2a67ba61eace911fb5
docs/architecture/OMDALA_API_NAMESPACE_V2_SPEC.md	1247	1775041709	581caac18e958c2e7c8dce3c719df2927de3429fd2749a49a3c2ab56c29d76a9
docs/architecture/OMDALA_APP_INFORMATION_ARCHITECTURE_2026.md	1899	1775041706	6c7d2e6884ffc1318190197609b796f0b5cc160d2678d52cde60015685562238
docs/architecture/OMDALA_COMMITMENT_CONTRACT_TEMPLATE_2026.md	1271	1775041724	e73426b3c839874c3c561b721f1c04fa4299af1ebd383d36d4bb0eba5d67c1ba
docs/architecture/OMDALA_FIRST_5_HIRES_STRUCTURE_2026.md	1465	1775041728	a5ddb48f4e514bc8283631a82d243d58466828adcceaae40792e4777db497fd2
docs/architecture/OMDALA_HOMEPAGE_COPY_2026.md	2651	1775041702	1fdc714ad47f32691a43c0de49caa26d29e0a2888bb35db81b707c3124a1752a
docs/architecture/OMDALA_MASTER_SYSTEM_ARCHITECTURE_2026_FINAL 2.md	3472	1775041736	790da82b0a59dd03c110d032301f6bd006fdb19b776b4ad91d10580c0118903c
docs/architecture/OMDALA_MASTER_SYSTEM_ARCHITECTURE_2026_FINAL.md	5656	1775191439	e7bccbbcd4d14d3858beafb50d00932fca0fedabaa85db0a198850993da155ea
docs/architecture/OMDALA_REALITY_MAP_UI_SPEC_2026.md	2634	1775041716	afa5ec730869ebb2d643e2823ce622a5b0bb5fee006a86863f3cd4ea41791a63
docs/audit/2026-07-19/AUDIT_BASELINE_AND_EXECUTION_BACKLOG.md	12588	1784471328	ef9f11076bd1112874617a7a82c590ec4e9250ac4b2bfaff953b39810996ee9c
docs/audit/2026-07-19/RELEASE_GATE_MATRIX.md	2593	1784471329	d5bee0a92d50f109b32f27f6757ff0f382ca2b19cbff629966945c8b58d05b56
docs/audit/2026-07-19/SOURCE_VERIFICATION_RECEIPT.md	4446	1784471328	aba018c34ede2f5ed66b9af370056484690a05f6ac2dfb904de68e34ddfa6280
docs/audit/2026-07-19/snapshot/CHECKSUM_MANIFEST.tsv	297	1784473010	6785a5bae235bae18269ae9f90be71dd39e10dcaebcdda6436439f85657e20bd
docs/audit/2026-07-19/snapshot/CHECKSUM_MANIFEST.tsv.header	121	1784472366	9996478972357084eb86b08d7faec708ff1eee53aca830a175ba530c506a162c
docs/audit/2026-07-19/snapshot/SECRET_NAME_INVENTORY.txt	176	1784473010	73db0f92e59499717c83ba643952db6d59eeed5a7130802bb65fd9e814b76e47
docs/audit/2026-07-19/snapshot/SKIPPED_FILES.txt	95	1784473010	bfdac1250add0326e919dbebd564497c254c36753c62729212444e13bb5dce1f
docs/audit/2026-07-19/snapshot/generate_checksum_manifest.sh	3851	1784473007	d3957c2320689dbaf118fec0206bebd12092ef20806ff6fd8de453fb3bf5bf82
docs/brand-portfolio/11_GLOBAL_BRANDS.md	5008	1783405961	8ba5864f2a24d7a32e8fa504d1e2395d22d989cfa114da24fe34e8f9d520d165
docs/brand-portfolio/11_HUMAN_EXPERIENCE_BRANDS.md	5953	1783405961	628f66cad42675ce48e5d66baa69c240a7ee9b94d2960c901fcec38c3d8ebd91
docs/brand-portfolio/11_INTERNATIONAL_BRAND_ASSETS.md	5021	1783405961	aacb88a6fcdd9a799dd184b087a463c29f2709f704e0a29009adb785973a1fbd
docs/brand-portfolio/11_NATIONAL_SCALE_BRANDS.md	5363	1783405961	281e17f1d77383559d2abbfe64aaeee3d4585639b49484631a4d0b0e6b4af556
docs/brand-portfolio/11_NATIONAL_SCALE_BRAND_SYSTEMS.md	5370	1783405961	4b2f3947b1ba13055311deb7ecb0b04f7e896e959a78e08d63ece465d4c1ca1e
docs/brand-portfolio/11_TECHNOLOGY_INFRASTRUCTURE_BRANDS.md	2946	1783405961	b784255dbfcaa25755687004ff8b1d9532318c7cc35424f1b168db5ffcb2ed3f
docs/legal/brand-exchange/01_marketplace_terms.md	3668	1783405961	22599bbd8c6bee6778ae4f6c298341499065ec57cf05534fda4c582e72608ad0
docs/legal/brand-exchange/02_seller_terms.md	3030	1783405961	e7f6b878f2ac67c7e49eb3c660c3485febb41a93380dc1a6ef6ecf3dce4e64a7
docs/legal/brand-exchange/03_buyer_terms.md	2336	1783405961	615a8634f86bf7df8dcaae8ba2b1583ca4c86a3ee05171cbc61f5ba4a2900f3a
docs/legal/brand-exchange/04_listing_policy.md	2600	1783405961	68ac40f7f0be8ae247bb559e70824a344924d8d91df27f0b2dfd28e279025793
docs/legal/brand-exchange/05_trademark_ip_policy.md	2483	1783405961	ce14ed5d9a178b8c80b4f465234ed00b18a3d74c30b48bbdbf457ac422f4509e
docs/legal/brand-exchange/06_domain_transfer_policy.md	2226	1783405961	1c8aaa72388744526b653dd41aba8825e982b69eef5248e117928a71d8e3564d
docs/legal/brand-exchange/07_auction_rules.md	1950	1783405961	0865e5bbe92af1d72ea6906a3173249cdc91c4c767fce2d8407e53e639b349d0
docs/legal/brand-exchange/08_escrow_payment_policy.md	1910	1783405961	1712a5670108918d6bff30e0c9229a216a9de3a1797ac4935babe3272e8d6c9a
docs/legal/brand-exchange/09_refund_cancellation_policy.md	1606	1783405961	5f0d0861f5b9aa5f7006f5d6a5cfbf56d4d0f99235a051860f4bf433f9ad1004
docs/legal/brand-exchange/10_dispute_resolution_policy.md	1793	1783405961	e5177b8ec057815b7fb19164239cc66957101462a492a74bf61f58dd1475d4ef
docs/legal/brand-exchange/11_prohibited_assets_policy.md	1761	1783405961	903d4be7b3b008047c3d266e1afd5e8172ccfa99db839eace274c4deb2d68584
docs/legal/brand-exchange/12_nft_certificate_terms.md	1519	1783405961	8007fd573b67b0d8ae7f13bf8f5529680333c59b49c311f2acf9b98656035c7e
docs/legal/brand-exchange/13_privacy_policy.md	2594	1783405961	62b2506e3aa2870a673120a2c934f2367ea7d28979f7a904c6e0bdf7abace3fa
docs/legal/brand-exchange/14_data_processing_addendum.md	2433	1783405961	9e9bc0b9d296cfca04c68966078f35218c72f911a49f611716802111aefc9f12
docs/legal/brand-exchange/15_brand_asset_assignment_template.md	2159	1783405961	702bd5d50e521aeadca471ef57354a59a3a30279590868a61b0a21fcbd27f6a5
docs/legal/brand-exchange/16_domain_transfer_checklist.md	1738	1783405961	4f8b6c3f3267f1fe17b2aced72e097ae6eccbebbce57f13f9c782346dcf0b1d3
docs/legal/brand-exchange/17_trademark_assignment_checklist.md	1866	1783405961	b2a86cf902d28a9a00a9ff8576f1959b37d168363a75cbcb70fd8cbea7b5310c
docs/legal/brand-exchange/18_aml_sanctions_policy.md	2128	1783405961	0f5b9b88d34b00f176a5e12d993eb8fa1b7cdd42ae441f9a004b66252371f5ec
docs/legal/brand-exchange/19_cookie_policy.md	1961	1783405961	694093c080e143a4d94bc0c5fdd853d679898ef01549e35a0a536b2e161ce414
docs/release-evidence/2026-05-19/01-services-api-check.log	43	1779786415	6727524c6cd1efbbb6f2fed90f005d1d7316a08a00cf2df7ae6d265276e5c1f8
docs/release-evidence/2026-05-19/02-next-builds.log	8808	1779794061	4dd4ed8482873e1ce515d188d301102af8c957017849aa86b23799715cfc357e
docs/release-evidence/2026-05-19/03-brand-lint.log	1791	1779793053	ffeec5a1a44768823ed9f806178c824f456f6622e72ded0bf601debc7bec174f
docs/release-evidence/2026-05-19/04-bilingual-audit.log	1518	1779793924	40e61c2d29080196e6b1fe5d75b4da3d5acf714fdd90b4acd60519c9a89581cb
docs/release-evidence/2026-05-19/05-oauth-tests.log	493	1779786440	8fa86a9cc7c9388d02a9916b05ffbbb6c7c965a4c9cc1bd15e763063ec2ac827
docs/release-evidence/2026-05-19/06-git-status.log	83	1779847274	707eb1254f66949cc648d2dfa9a5a1030b1c6896712af4b4121b54623314912b
docs/root-relocated-2026-07-05/source-duplicates/om	1320	1783183573	a07f1a702e8a83ce0f08ba0e077c3789e7992904526e467f6cbf7ef2351a3164
docs/root-relocated-2026-07-05/source-duplicates/omd	1320	1783183573	a07f1a702e8a83ce0f08ba0e077c3789e7992904526e467f6cbf7ef2351a3164
docs/root-relocated-2026-07-05/source-duplicates/omdala	1320	1783183573	a07f1a702e8a83ce0f08ba0e077c3789e7992904526e467f6cbf7ef2351a3164
index.html	3128	1778543980	db540c197218ec2d3215bf5c8d32086ee6971cecdecc145db815e016827c58e1
infra/.DS_Store	6148	1783448300	d0769b50fd0001801259f15359271272474fc418d62ddbb4153d301bb546dc37
infra/backup/Dockerfile	1454	1783405961	f9b77e5f2ade43534d45d528264846d6345a982cc1e4994f9f697d88a9f24940
infra/backup/backup-db.sh	2550	1783405961	66ddb5b67fff8972e4aaaa9df8da9a811f989653fa0b1d054854da0b784bbb9e
infra/backup/restore-db.sh	4139	1783405961	8c8241cb3106532efd2de4385263ffbf003410621348c3b35b8579bf0907fe87
infra/bridge/cloudflare-worker/package.json	360	1783405961	0143fa4803286add9131647a6f6041773e40d051c04d4a373f749e6a95700b5a
infra/bridge/cloudflare-worker/src/index.ts	6709	1783405961	b7d5a13921d3db4a833a6cc0502d4273b0a94b109bbb6cc2860bdd5828a3e608
infra/bridge/cloudflare-worker/wrangler.toml.example	1156	1783405961	bff5fdc4fa2351da26d5b32c120594cbda6bb51645d6f8bf61f6ef34ac42cdde
infra/caddy/Caddyfile	1163	1783405961	8e43889f87720369c9cde7a7768813a27a32df63abee19c6d0fa21354fb7c6ce
infra/caddy/Caddyfile.local	1287	1783405961	2633f7c57e853422ebe4ae691fcbfbd96c8267a75b01ff3b004c29fb4153f657
infra/caddy/Caddyfile.prod	1911	1783405961	d215d14099125a2f94594a17a58ef847d4b67632a3c9b0b8ab5b66a7624e2494
infra/docker-compose.local.yml	1963	1783405961	6c3fbc46f2bbbd994ce5bda451e31e200810e180f84d3daaf7786e25a89dfbbc
infra/docker-compose.prod.yml	5381	1783405961	fa3846d5553aca8ee92a14d7e551ecff65a685f36f2b699e709ce3f8980c7c6a
infra/docker-compose.yml	12734	1783405961	66e607aa64eff2daf0b2b02833ca36997286750f8e861c5a7830d73c05f0de95
infra/docs/INFRA_AUDIT_SYSTEM_WIDE_PROBLEM_RESOLUTION_2026-07-08.md	18679	1783501497	aa939afbc270c3312741e974b0803162840fbc4f01fbd515913f66d6dc155510
infra/docs/INFRA_LOCAL_100PCT_RUNBOOK_2026-06-30.md	7894	1783405961	6bf1653da90ba64e9f141d1fc12cda54c836f5b833f710a1be7ffaf795827c3a
infra/docs/INFRA_LOCAL_AUDIT_REPORT_2026-06-30.md	12015	1783405961	c2e6fb2c83ae7de03173fe2edfcba5cfed658368878a00226d84a8c30a98783a
infra/docs/INFRA_MULTI_TENANT_ARCHITECTURE_2026-06-30.md	8639	1783405961	b37ed101addf30f50ae7c0ff3e1e47e36b75b61781021e53538c12e0964756ee
infra/docs/INFRA_PRODUCTION_DEPLOYMENT_RUNBOOK_2026-06-30.md	8566	1783405961	25db25e96ca26aeb65d6454402c4553498588fb2161c0898dc5284050c37b39a
infra/docs/QA_AUDIT_API_CONTRACT_AIAGENT_2026-07-01.md	12618	1783409921	67079550a2f04e9227db3e63328d19a3fbb444547c1a3a330ed45f1dc5f6767a
infra/docs/QA_AUDIT_OMDALA_PROJECTS_2026-07-08.md	14075	1783503062	5996681ab04fae6e7b2dfe6b65106840110a35a33a42ddf0a23ec4bea72fb664
infra/docs/QA_AUDIT_TOTAL_SYSTEM_REPORT_2026-07-08.md	26700	1783502052	cedac354c391430ebd3340e497715eae68e41f9a34e83f80b0e2c629208773b6
infra/docs/QA_VERIFICATION_OF_TOTAL_SYSTEM_REPORT_2026-07-08.md	13652	1783509146	fd7af69a1af6b77d781c0fd67ca75b4375b8f211ad08655183e5e3ed694ff0d6
infra/openfga/model.json	2370	1783405961	500d99ca7eea95330c819d935a3b737dbca82c8d0bd9aa3e09b3c562379a3721
infra/postgres/init-scripts/01-create-users.sh	3420	1783405961	2ece9390df1fc9ce49e71512971d4eb1e692c6a9a0a9aff65e710ed6db209088
infra/postgres/init-scripts/02-create-schemas.sql	16491	1783405961	8676dcc66d655ea06a3becaccc19881a115ca8ce99b6eaf7fbf4314537a52696
infra/postgres/init-scripts/04-multi-tenant-seed.sql	5422	1783405961	559a9034187388615907048c263e946954a57bc32c2de4706d7451ceceebe150
infra/postgres/migrations/20260630000001_brand_exchange_schema.sql	20040	1783405961	0d2be53229cbc40a2d91ba5516fa40fecfbf081fb1e314fd53fa46db0b4799c4
infra/postgres/migrations/20260630000002_brand_exchange_seed.sql	16110	1783405961	ee2cc1692536e643dab57b7673e9f548fede981903ac6ee455a860d3b1641eed
infra/scripts/deploy-prod.sh	3604	1783405961	e312d02222660f3c324d1403329a91e83355def148ed539ed87fe7c658861197
infra/scripts/health-check-local.sh	3517	1783405961	87e0f9eacd936329a7f98ef335df27193ee40713d5f854cc79b25c0759a4c770
infra/scripts/local-up.sh	3147	1783405961	c0cd6b38b7df39be1046043e239410b4b5cbecc12ede1716942b5c5d3bd5170f
infra/scripts/migrate-supabase-to-sovereign.sh	6123	1783405961	530907e470c6568d1915fe67d5959b327ca49bb1463aecb31e0bc9c711c23cd4
infra/scripts/setup-keycloak.sh	4770	1783405961	f0baccbb692e4510eaa037d9695c0c6e016c5a07dd2749d8940ada063ccf61b2
infra/scripts/setup-local-hosts.sh	780	1783405961	548f5b20c06f86266a4306ba57cf30f78b5882c15f600fa3d49d74bd5917e3f1
infra/scripts/setup-openfga.sh	2428	1783405961	56ec80bd80c53318bdb5fabbe16f8ba0b46b4bc4f725bdfc97c0d0b1a6865aa7
infra/scripts/setup-tenants-prod.sh	6072	1783405961	0329447a140402eba4f47b5e65254ce753d0d281d57bf3308096e18017721e99
infra/scripts/setup-vps-prod.sh	4370	1783405961	265420fc369989a53f1af9686ac99a51bf6e6baaa8cddc28f22a293eec4517ed
infra/services/.DS_Store	6148	1783448300	5ae37dad6f431eb9475c903c3d171dea09d31bf263efb2ea71fdc2d14e84ce5c
infra/services/api-gateway/Dockerfile	627	1783405961	6f077e7222e8cd3c2bee5424d82cdbffd8cc03ef300af679de4832e2b0837205
infra/services/api-gateway/package-lock.json	29233	1783148271	65427b09c7896769c7e65ae9247dd350b15c0a80a61e69e1fcffe0f0b820bdb6
infra/services/api-gateway/package.json	697	1783148057	2715e36bc28035143810342588fe61d9b3b4f481df2520c2ddda22e61814dbd4
infra/services/api-gateway/src/__tests__/api-gateway.test.js	2226	1783148222	965bfa9d42955482cbbe0924fc7e21f9e446daefae1248b3bb732867468626df
infra/services/api-gateway/src/index.js	3444	1783148212	44ab130d10d69b119d0b6bd7800815e7a90575cc567fb5b210ee14903daca337
infra/services/api-gateway/src/lib/crypto.js	367	1783148067	bfdc683cb1ac693b4be4cae000497246e3bc61f2629c16da0a9bd2252bbf28c6
infra/services/api-gateway/src/lib/db.js	891	1783148068	b4580c094a590b181a35cc2ce259cc91d356972a899ad7cff24fcb75c871300e
infra/services/api-gateway/src/lib/envelope.js	521	1783148067	a1db2479ee3095d752211d019b21eb69d334148eb7c4896605582131d0381d72
infra/services/api-gateway/src/middleware/audit-log.js	573	1783148082	10ec54f5ea8407e8da3840c981833d1cf890219aa30dbc447975e0b095e228c9
infra/services/api-gateway/src/middleware/jwt-verify.js	1597	1783148081	fc017cfcc14aa5cc8ef3cd8b3a778c7c18c0819980eb1a82d6b0152474d38321
infra/services/api-gateway/src/routes/account.js	4191	1783148189	aac8511b552ae8782802b41675994d30d449b6bef57c66943184757b8c173a72
infra/services/api-gateway/src/routes/auth.js	8472	1783148178	c97ddd154902e23a320de29aac5e45357153ee22a3367184f73cba9dc107fd91
infra/services/api-gateway/src/routes/billing.js	2311	1783148199	30bab958245ab090b44381b54492ba052c357b394566e512a615105d7094e21d
infra/services/api-gateway/src/routes/contact.js	1001	1783148092	4f2d7d85f0bc14979541f7af5eff852a83e0a2fc52cd2937f72334c2fc0e58ee
infra/services/api-gateway/src/routes/health.js	553	1783148091	2a978b5d25e4bdbaea5e5327f6db6322d671cbf2120bdf406823dcc886ffde33
infra/services/api-gateway/src/routes/providers.js	3060	1783148139	ada7e0b2c19717ff609afc4632692d6933ad0ed13712a2d1fc548bd6b201427c
infra/services/model-router/Dockerfile	611	1783405961	aaeb54b90055f56dbd2118ac5646b05c84b2f12ef18246bf9e73ba9405ee3845
infra/services/model-router/package-lock.json	23351	1783148282	220eff87d35d1c37e41d484e01590575917085b50f402e856cabf923e37cf723
infra/services/model-router/package.json	631	1783405961	c34f559354609ea1856d3d2e3cdff0c33f90edbfc3a19507bbbee1f55183a263
infra/services/model-router/src/__tests__/model-router.test.js	269	1783319124	5167fc5cfbec9c091bb6804f71db4d87c7df71967072d3dfcb6b37216920021f
infra/services/model-router/src/index.js	2218	1783405961	eb8e3516c154aa7df77dbbb95d4ac052afaeae54aef43604aa2e42714ee6d5de
infra/services/model-router/src/lib/openfga-client.js	1496	1783405961	6dc02704ab5d1952dc4ad3d0342611d2aa07c68fe8c16dcbce218f6ee4a6f94f
infra/services/model-router/src/lib/provider-router.js	4509	1783405961	d6865142ffcd40ff8a023ee2854ea275fc99fd448928f14cbdc526992a103d38
infra/services/model-router/src/middleware/audit-log.js	544	1783405961	789b9afe953f307087524db789e356bccdea69a05c47cc939098d7531d71e478
infra/services/model-router/src/middleware/jwt-verify.js	1468	1783405961	d254489cd8cf576bb30a92c229a8d71aac475f84e5209f6a027f52764b166c38
infra/services/model-router/src/routes/chat.js	1853	1783405961	772beb471166175309f314e26250656e415fe26e1c2fecb192415a9b352d70b3
infra/services/model-router/src/routes/health.js	1897	1783405961	aba8d27ab96c6991b3e94961d1f7bb263f7f77f34257438ac43a1573ac2ab9eb
infra/services/model-router/src/routes/models.js	862	1783405961	3410bbf569aaf89af2db3d56dea0b1d9df95815a12b77bfb9e41ada6264ff818
infra/services/worker/Dockerfile	545	1783405961	a0a2691a1e98002b43eab5c27ee3ff94105f0fa7fdeced7664849371ff4f9bfc
infra/services/worker/package-lock.json	39074	1783148277	ec7ea91ad8b6f94a1a32be658818d406744f6176c6e1827ba0f74725ab1760b1
infra/services/worker/package.json	422	1783148112	30840d6750f63c00533fffc0d5789e99f49ecfcadce3f1cfc8c2aa62e41c32c1
infra/services/worker/src/__tests__/worker.test.js	2730	1783148115	acab2140f0b5b65b176285328f6d0e1ccf5cd09b45df1c1075b60825d624d20d
infra/services/worker/src/index.js	3011	1783405961	9ea044c9a5f40b2f254a281aeeaf8a1bad6f2207bd5be643bab88a340adfe1df
infra/services/worker/src/jobs/ai-task.js	2138	1783148114	55854c9f7a27627022a03c2f2ec52f7fd308caf52a7857290402765389635107
infra/services/worker/src/jobs/backup.js	3361	1783148113	670e3459da6fac7342bd4db9beebde4a7d34bc2c8bc6b523b18a748725782f53
infra/services/worker/src/jobs/code-review.js	2937	1783148115	8aacbd5586f91e47bc0ab104aa42f60341801ae48ad86fa6ff821a35bdb14962
infra/services/worker/src/jobs/db-query.js	2030	1783148122	05a530561d5f7edef42ab6dfa04ac0cd98900473aaa6f646bdc63d11b45d734e
infra/services/worker/src/jobs/deploy.js	2062	1783148114	e3e4bc6d498ce53d6621359f4a5d35451f6658a869e6272dfe5923ff8d33fd1f
infra/services/worker/src/jobs/email.js	1634	1783148113	5e8bf785666d2232f634f7a35f3187bb44fb01184b4ebfc80fd280dd387c27e1
infra/tf/main.tf	30099	1783409921	7bf511c46647819431f46f83c5d386982a690e143c6be120441a8116a1a1944d
infra/tf/terraform.tfvars.example	1406	1783409921	42bb580b3d9d13b0a6a6403547ed439eec66bb03a12c4dc893a4988a8246e82c
infra/tf/variables.tf	1480	1783409921	c1f9c88c9b657e26e9c200c3587423c14d727c5374bf2ccf58d907e3b8f0860f
mobile/package.json	3254	1783607492	e38baade8a57eb40f7f7271881d2e5a3ee2f2ea9de3b8e485bcfd998b1bf49cd
mobile/src/App.tsx	2478	1783609209	fe030a0f9f8f77f0fd186890e184d85f9393863a8729436bbc450b1a6feb4a8d
mobile/src/navigation/AppNavigator.tsx	3218	1783609214	460354554ab466aa8c2f12f98abba06cd2f9187a870fa981ab2ae431ce418178
mobile/src/screens/main/CartScreen.tsx	10846	1783609236	09f9ccbd5eb073d6147cd5f9e3bd56f000236b6d1091b9688fa97b0260c9bdbd
mobile/src/screens/main/HomeScreen.tsx	13856	1783609009	ed0643205134a6c0f9898a7d1f09e3c22a4c9b239a0b9d1bfa26613d11cac443
mobile/src/screens/main/OrdersScreen.tsx	11721	1783609247	724fc6006f077e9c4a6267bafc51084d1b5cdb18b742adf3a9a6b460b6f5c237
mobile/src/screens/main/ProfileScreen.tsx	11444	1783609257	76e5422607e886a466299c891a1e798ba36b08d0f472fb003c7b83a1b7876427
mobile/src/screens/main/SearchScreen.tsx	12110	1783609226	70980845dcd17af6b68a5c593f039675b6b004463d237e1110aa44380ea98cbc
mobile/src/types/index.ts	10857	1783608996	bb17a847d986303078ea303be1202e8ed4e8b5fa5269f24b7b22b21690ad3b3b
om-ai.omdala.com/.DS_Store	10244	1784171324	c54e257608ced9b025dcdc0b5de48c09c59e753713320a65f3386ba871fbce7e
om-ai.omdala.com/.editorconfig	216	1775244841	a7869064a75dec67d538295090fa12fef0e7e3bcfdd41a06b45077c8cb23ded6
om-ai.omdala.com/.env.example	251	1775278258	574fe9dca678693943b16b2a03474ccaf13c682d27958bf880841823928980c5
om-ai.omdala.com/.gitignore	220	1775244841	bc158267e8a99caf2f033b2d09d72a87f3d7604abc30e1e682788b1cc51d917c
om-ai.omdala.com/AI_OM_ACADEMY_INTEGRATION_CONTRACT_V1.md	9446	1775480383	2b3f94cc7631e6b6f420f9fc266d83a3bd95900e5e8f91b398ea24e6380d0676
om-ai.omdala.com/AI_OM_ANDROID_APP_STRUCTURE.md	5982	1775752374	fe4eb3d627826605d725cd341751bb54a605be7fe91813e4acf27f6ce9bfa139
om-ai.omdala.com/AI_OM_ANDROID_MODULE_SPEC.md	5345	1775752374	5c103657c8bf4b25865d383355c5654e91bc76ca171d5c047766aebc538a6ba8
om-ai.omdala.com/AI_OM_ANDROID_MVP_PLAN.md	2497	1775751254	76864104961ae939e60cbac27a9c02bd14e4ced6a512a5eab71fc6375cb1c512
om-ai.omdala.com/AI_OM_API_CONTRACT_V1.md	4257	1775753018	3665d5fc3faca793097c0528fade5a1c90739d674a16456a1d8b2f3832c35488
om-ai.omdala.com/AI_OM_ARCHITECTURE_OVERVIEW.md	2552	1775753128	4e0beeeb4a605cf5fb031f9199770268974fe6252360d4be5c6c5eaef752ffe8
om-ai.omdala.com/AI_OM_BACKEND_ENDPOINT_SPEC.md	3374	1775753018	37eff13ca132996485d363cdb3cac7e2fc3c879ac58a06ef9914bc3ae6ce52de
om-ai.omdala.com/AI_OM_BACKEND_SERVICE_MAP.md	1881	1775753128	fed99d6a5c2a4eb693b7b60161bd0cd479a0494374e2e7d7166319e608944b2a
om-ai.omdala.com/AI_OM_COMMAND_GRAMMAR_SPEC_2026.md	1840	1775753444	f1d1dc756d49c41c0cd9a99b1bd1db099c9af073ad1cbca173c07224c94423b6
om-ai.omdala.com/AI_OM_CONNECTOR_STRATEGY.md	999	1775755335	43857e347686fc0ccc3140ec25d1d7f5efc27693c106346cd96fbb78c28bd6c6
om-ai.omdala.com/AI_OM_CONTROL_PASS_STATUS_2026.md	4010	1775758110	303a1091bb0f6f351c63ed41c04ecb83fbea352fa99d9b4e1e7a1736816db88a
om-ai.omdala.com/AI_OM_DATA_RETENTION_POLICY.md	1904	1775758110	75340f9900e23844af2ec4e0859ef7f09a1586f64ce524dd75b72fb581f18d90
om-ai.omdala.com/AI_OM_DEVICE_GRAPH_SCHEMA_V1.md	993	1775755335	0442c584a8301f0281c8f856de31134e8eae12947e50b0e6e54c1d7a606aea6f
om-ai.omdala.com/AI_OM_DEV_MASTER_EXECUTION_PLAN_2026.md	24056	1775751254	a5ce135b6ef31bdb80d4a71dfd1b36204c96cb818c9fc67b8a64117adf346bf7
om-ai.omdala.com/AI_OM_ECOSYSTEM_RESOURCE_AUDIT_2026.md	10405	1777887324	9cf0bf98fa35ca4e4b988e11dc2a6644093310289148266efd975ac9a4f0336b
om-ai.omdala.com/AI_OM_ERROR_CODE_MATRIX.md	1454	1775758110	5efab3f30f38412af7fe4235bdbe72b1abd19c12ce2a66da66788b9585a9464d
om-ai.omdala.com/AI_OM_FOUNDER_READY_FINAL_HANDOFF_PACK_2026.md	4503	1775757711	863b2bfef8b71fd297613cb3ec28863faed773c117f4567ae07cb4354ddc371c
om-ai.omdala.com/AI_OM_FULL_DEV_EXECUTION_PLAN_IOS_ANDROID_2026.md	8095	1775751254	6aa0daeea7b83392f85b710b067cf895cd837ad52311152dd68856177929172a
om-ai.omdala.com/AI_OM_GATEWAY_MVP_PLAN.md	1105	1775755335	3a2e77522dfdb1e89a781a790acda596b1a5a74ee09de811849ef1d344b060af
om-ai.omdala.com/AI_OM_GATEWAY_PLUGIN_SPEC.md	603	1775295409	48be7521e1adaa6e4c040f275b09d1abb0ee1bcd0988b565763db6d04c2af5b4
om-ai.omdala.com/AI_OM_GATEWAY_RUNTIME_SPEC.md	1713	1775753128	f5ab7ae519714f3f30bc03765b3d80c1db170bf3d8d55827e80075ab523ac10d
om-ai.omdala.com/AI_OM_HANDOFF_INDEX.md	2290	1775757711	ad963727f7cf05e6e04ecb8c18f090a1b9554abd3f456581a93b736db6298097
om-ai.omdala.com/AI_OM_IOS_APP_STRUCTURE.md	5820	1775752374	a8a895b27f9be2da3e741a0accd162b763dde7460ac7a784586864c4bf337eb6
om-ai.omdala.com/AI_OM_IOS_MODULE_SPEC.md	5385	1775752374	daa987842bbc9be22fc6e3d3da28e8804378a957a211ae5f68fc6b4c9d4febbd
om-ai.omdala.com/AI_OM_IOS_MVP_PLAN.md	2792	1775753018	8009dddb139f382b24fea7a9d25b373ab0971d1022dc9b1ab266186de54ffe67
om-ai.omdala.com/AI_OM_LAUNCH_CHECKLIST.md	619	1775295409	eff578f12a8b949e9b4911bef8f911bd18f979239d16f53636a51216fcaaae8e
om-ai.omdala.com/AI_OM_LIVE_ANDROID_REALTIME_CALL_SPEC_2026.md	3188	1775296959	e578b8b48a46e3108760631b8737ea384e0a6857048b61611a90e16d2b8431c8
om-ai.omdala.com/AI_OM_LIVE_API_CONTRACT_V1.md	12329	1775297722	21a7f9aeea4c54aa10d28bffee852fa5587822ab5cf6f15a7b99d547ead1fb4f
om-ai.omdala.com/AI_OM_LIVE_HUMAN_CALL_AND_EDUCATION_EXTENSION_2026.md	30363	1775296791	486febca2073ec851b69fa6bc76366c67b747d9e3c462e1e0ea1dadc6f3a2ff2
om-ai.omdala.com/AI_OM_MASTER_SPEC_2026.md	13652	1775757745	9f0568aa1b60afd18b210a3315895fdc6f620b2f17e799c912d91a08e4026753
om-ai.omdala.com/AI_OM_MEMORY_MODEL_V1.md	4579	1775297722	5ff47e4f0c634c2488233d8f7d753e306f60c9bf4468dab2f48c916e4d1fa395
om-ai.omdala.com/AI_OM_OBSERVABILITY_PLAN.md	4556	1775752565	e09b204a6561d4d3f7dd73f4e1966452e277dc668a64e0d4aac5704c3969a0c0
om-ai.omdala.com/AI_OM_OMDALA_AND_IAI_ONE_INTEGRATION_RECOMMENDATION_2026.md	7055	1775319725	0a6a28cf9a1c4740c23432861bd63dc06a34b59b3fc56526471d237bc98fb730
om-ai.omdala.com/AI_OM_PERSONA_SCHEMA_V1.md	4697	1775297722	542b673468c031ddb8ed199aa1db532fcf25a1d62963880bc945f14e3a294501
om-ai.omdala.com/AI_OM_PHASED_INTEGRATION_BACKLOG_2026.md	4113	1775752565	d0036f221c55c3e8cd489c81669ee722e386bb68991409a97f1e73daa7591096
om-ai.omdala.com/AI_OM_POLICY_ENGINE_SPEC.md	1293	1775751517	62f2bcb52cf0557f1a39c4c3c03b5628f59f3a9c0f6aa3e2d316f88b1926d9ec
om-ai.omdala.com/AI_OM_PRICING_AND_PLAN_LOGIC_2026.md	4767	1775297722	b80544c203d7b08d46e85dabca5f8f352ee83a1db30d79c09e313d0557619b95
om-ai.omdala.com/AI_OM_PROOF_SCHEMA_SPEC.md	1626	1775753444	b8169d85672d52bb72594e0506904e18c395b23f4e2f93d7fbe5490454f316aa
om-ai.omdala.com/AI_OM_PROVIDER_ROUTER_ARCHITECTURE_2026.md	5876	1775297722	fcc0c02e8ec03dab63ba238879a5128c90c6b35fe873d8f6438f248d0c70463c
om-ai.omdala.com/AI_OM_PWA_MVP_PLAN.md	2542	1775753018	8b611e0bf0e9f471738f8367072740ce24f05ff46772ea050fae0b6cc61f2220
om-ai.omdala.com/AI_OM_REALITY_PROOF_CONTRACT_SPEC_2026.md	977	1775753444	0e51097ffd7630eeb067645a3ebe7a428a1f487a4cc6920fdb15af1f34c8b3e3
om-ai.omdala.com/AI_OM_RELEASE_CRITERIA.md	994	1775751517	20b3d64653966bbf5e683fab08712d3f6a369edd2442d8b3feeec07e19cd30fd
om-ai.omdala.com/AI_OM_REPO_FULL_STRUCTURE_2026.md	9095	1775752565	f58fd334b39fbccecdfc07db4fdb409d197bd5c827372c5a9113106835622d05
om-ai.omdala.com/AI_OM_ROADMAP_2026.md	838	1775751517	07285ced47a9a722d309cc7cc252a118b00ba44e5b3508d05076e9a09c0be081
om-ai.omdala.com/AI_OM_ROLE_PERMISSION_MATRIX.md	1452	1775758110	310d26208da08256211881430e21835002575283594cb7ddac01a5b46b228530
om-ai.omdala.com/AI_OM_SAFETY_CLASS_SPEC_2026.md	916	1775295409	55187ad838ea8e6b59775f27a51e878786c402ca5acffa98ad0bfc4f04aa660c
om-ai.omdala.com/AI_OM_SDK_EXTENSIBILITY_PLAN.md	1222	1775758110	459c588ea3cebd2567597e3b455b20276bfb4e81bcb9f5e2b88738e127067976
om-ai.omdala.com/AI_OM_SECURITY_MODEL.md	4142	1775752565	353bd506093251f80934ced13f81f13fbadae7ae447ea98acdf51fca73abd9e0
om-ai.omdala.com/AI_OM_SHARED_PLATFORM_DEPENDENCY_STATUS_2026.md	4487	1775750672	07c776652716f3bf740784ea22d46aed81a5a9919ce23036f3932a68f16a3466
om-ai.omdala.com/AI_OM_SHARED_RESOURCE_REUSE_PLAN_2026.md	5062	1775752565	db59ed9e7ccc9f54e71ad21506649343db4f88c7b453ef0f66b1634cc7d50472
om-ai.omdala.com/AI_OM_TEAM_BOUNDARY_AND_DEPENDENCY_MATRIX_2026.md	4389	1775750672	e4faec08c2bbceaa275eaf7240e1b242972cec15008c1601b525fcd265255b31
om-ai.omdala.com/AI_OM_TEST_PLAN.md	5091	1775752565	a3421513cc2f9fa97d8bdf40eb94e64608e8258de512ddb33f4300271ea91dc2
om-ai.omdala.com/AI_OM_USAGE_METERING_AND_FREE_30_MIN_RULES.md	3750	1775297722	936c5b0f9093bb8595df6578f0be8d5e77d9614313aeba5b278ae710bea271a7
om-ai.omdala.com/API_OMDALA_CLOUDFLARE_5MIN_CHECKLIST.md	1827	1775281593	217d86148211ccece42bbbd7a06021a6a6199c600ae74d54e07ea5e0ce7ce2d1
om-ai.omdala.com/API_STRICT_BLOCKER_STATUS.md	934	1775403389	e68c931084c31d2eb69ed3edde6d5bee27c045f579bdfec9ee6477f6096c70ce
om-ai.omdala.com/API_TEAM_STRICT_REPORT.md	1771	1775403250	226f888a2603ff78ae5d4e9a59a2d9ad56cdc85ac97e33482d2dc0169341af9d
om-ai.omdala.com/APP_BETA_ROLLOUT_CHECKLIST.md	2499	1775406915	082f62d711ae84c4731487d6f8ec52211bece46bab61195fb941e8e27374c321
om-ai.omdala.com/APP_INTENTS_CATALOG.md	2319	1775753128	40838a4a84f1eddbad50b174ceef8b8ab8c9f01af4601ae608f97c6e1c7d94fb
om-ai.omdala.com/APP_KICKOFF_CHECKLIST.md	877	1775328074	ee77456163fdbd8cb2532002c7f4c936ea479da35a91eacbe2d4ee6428370d97
om-ai.omdala.com/APP_SESSION_POLICY.md	1786	1775328094	e8ae22917b5b97801a160e87a6ade3a1cf0d09086001025dc46a02d8baa03f06
om-ai.omdala.com/BRANCH_PROTECTION_CHECKLIST.md	1004	1775244131	031e316143a39408e4bc23460be5ae233a6841288445b1ad769a2043172e2b85
om-ai.omdala.com/CHANGELOG.md	3002	1775406915	1aa77f2d0c00d4d5e5194371e266457aef4428888dea379444b6c7ad9a911496
om-ai.omdala.com/COMMIT_GROUPING_PLAN.md	1056	1775244354	0d79420b7336f80ec76a01c2fbe121cca47d0d8a46147834b7c85b40bf21f489
om-ai.omdala.com/COMMIT_PLAYBOOK.md	1866	1775295409	c5d573ea7dff9ade27a678b4890be9b81b11a43d6a729282470d4a664badcb71
om-ai.omdala.com/CONTRIBUTING.md	426	1775244064	5d9a9e90a00ac10add95f46ec7b192643c9cfb00cf674da498b75dee442a7759
om-ai.omdala.com/DEPLOY_HOME_CLOUDFLARE.md	4298	1775286604	c7074404739e0c0748205f2cc0520179e7b890ba54789c1be80cc3edc806dd15
om-ai.omdala.com/DEVICE_SUPPORT_MATRIX_V1.md	1446	1775753444	40d9da4631739ebab80dedf3905958d6f62627cbab427014544b2ec83037c4ec
om-ai.omdala.com/DEV_ACCELERATION_PLAN_CONTINUOUS.md	1903	1775400735	c0aab69bb7a11c599a19e600b345b0ff9b255108a419a7177e9569cfe2fc06d7
om-ai.omdala.com/DEV_TASK_BREAKDOWN.md	2479	1775296986	5d1805b0f150d4b5aa44563c88db03e813075748936c25652adbbf0cbb889edb
om-ai.omdala.com/EXECUTION_POLICY_MATRIX.md	2099	1775753444	e8f613209ca534383f832ac1bed25e3f89207c8becd3693246ca9aa3ee18c4b0
om-ai.omdala.com/FINAL_HANDOFF_SUMMARY.md	5957	1775758110	08bf766bd9fcc4b0786f85acd2ceda9a9489896b67a4cb347634e3f45cc83fed
om-ai.omdala.com/GIT_RECOVERY_NOTES.md	1077	1775244689	5e8fbfe2430eac5caec91e881e54a19ec4f7d52189deaa46d2f2735e889ff2ca
om-ai.omdala.com/HOUSEHOLD_MEMORY_MODEL_SPEC_2026.md	619	1775295409	7eadc7e9898a154e2e2c21c3ae772344deaee0dd74af18a01251fba21e95ec66
om-ai.omdala.com/INTERNAL_BETA_ANNOUNCEMENT_APP_MVP.md	2751	1775404919	cde7d7fbddbcb3c363ff58845ee1547a5b8839b1edf8d73dd2f73f62944059bb
om-ai.omdala.com/Makefile	355	1775243946	e53aeabe51178c67e58aec108d76dfb4cb8d9b0b0eabdad6008262b13127738c
om-ai.omdala.com/OMDALA_UNIVERSAL_DEVICE_GRAPH_SPEC_2026.md	1222	1775753444	437fb2308da1c2e24b218e825292dd8c686b8a793c688e4ed06f6ea86663d291
om-ai.omdala.com/OM_AI_LIVE_DEV_IMPLEMENTATION_PLAN_2026.md	1984	1775296986	19a8d5adf32f43519a4f3c1f0504a570c813b5e680249f7db3968325847d789b
om-ai.omdala.com/OM_AI_LIVE_HUMAN_CALL_AND_EDUCATION_EXTENSION_2026.md	11640	1775295368	56bcac24669d29ed116c53c0ab9e6e1b846df62d7662a310bbb2d3010c3b638a
om-ai.omdala.com/OM_GATEWAY_RUNTIME_SPEC_2026.md	647	1775753444	b5d397cfbcaaf865ec36e376efd3e7bd87f7a8ebc9235b64992a30b8006f6e68
om-ai.omdala.com/ONBOARDING_QUICKSTART.md	2388	1775757711	ff38128854809d3bd66325b46978696dd70db2335eb1b4cb428cdda7f70f2de4
om-ai.omdala.com/PROJECT_STATUS_SNAPSHOT.md	1731	1775758110	5f8720d1fcbe7a11c3ecff1d8e5dcf829071fdc188b86fcd5e4cc18956edf4c9
om-ai.omdala.com/README.md	3523	1775757711	b80c0e0594f16d6cc0a80dd57787e3468e457b73632683b7630a35ba1415ccbb
om-ai.omdala.com/README_INDEX.md	4114	1775757711	18cff2efd01f30d8ad8db77f9014119931fd89c6ae100a8d4f740f2c5b62ed53
om-ai.omdala.com/RELEASE_CANDIDATE_APP_MVP.md	2232	1775406926	6ebef8a6282e8081a569b4e31ed550e63d1028d58de66a6574f5ae9f9ab71eb1
om-ai.omdala.com/RELEASE_CHECKLIST.md	1016	1776096834	42a525907ca610e30232190dd1ad9c01a70f10aac4155b4f9dfeb496489458d1
om-ai.omdala.com/RELEASE_COMMAND_SHEET.md	1658	1775413681	5757a3d60537938d78d035b88cdcebeaaf5d76198f976f24b642048afb50e7b3
om-ai.omdala.com/RELEASE_NOTES_DRAFT.md	614	1775413691	d9a2dc6c78c91812c1bb52c3bc41b0a43a852295b475bfb38f5b149e980cc41b
om-ai.omdala.com/RELEASE_TAG_CHECKLIST.md	1289	1775413681	7e197a5308cb7315261e0dd0cadfeb6211b4053147530d1fa51d17d4d5a265d0
om-ai.omdala.com/SECURITY.md	569	1775244064	7714c91c38e55f5fd7e5f35cabf7ec77864bc8edf5bf38f265f65eed8ceb0eca
om-ai.omdala.com/SPRINT_1_TASKS.md	1018	1776096834	cd7df34369645413bc212890c68bed7fcef37a57f14f7416512bb34b7d8984a9
om-ai.omdala.com/SPRINT_2_TASKS.md	1025	1776096834	532e1f8a4fac4f468bde3c06aea7faf8e79f4d38347640d4000508d4211f9208
om-ai.omdala.com/STRICT_LAUNCH_RUNBOOK_API.md	1862	1775402218	0a9526022a41636d14cb4eb2700b1a1fd508ef508f9d9f993cee5c09dc79c13e
om-ai.omdala.com/SUPPORTED_DEVICE_MATRIX_V1_2026.md	735	1775753444	503a359d95900ea58f1a8d3f8e6cf98fe6a24ec6f1a308f62b09f0f30864b797
om-ai.omdala.com/TEAM_ANDROID.md	925	1776096489	20c5fbcc4312d321549a70b97872f9631d00bfe95e992609608eaf4eb5aa248b
om-ai.omdala.com/TEAM_APP_EXECUTION_STANDARD.md	2377	1776140711	d788b773e2a5caa55a40928081877640b4d89b475041f43723fc386a7936d9c3
om-ai.omdala.com/TEAM_BACKEND_CONTRACT.md	885	1776096489	d76a0bc169c6a8c8ca7743f61aa3d0d7e015ccf8e39420cb481bdfaf602d9166
om-ai.omdala.com/TEAM_IOS.md	871	1776096489	7901a29e2989e4caca557a9deb0f2da1518a000df136cd02d2a8cd1a8ccadd24
om-ai.omdala.com/WEB_TO_APP_EXECUTION_PLAN.md	2101	1775755335	844b11398b04fda7d8fd9f01df72deca056b6462a7aa6d5cefb872ee66396132
om-ai.omdala.com/docker-compose.yml	564	1775243990	b80497b31392b06bcea6c068ef1e5473659d3e6c899542517d433f92c5fbcc62
om-ai.omdala.com/ios/ContentView.swift	288	1775295409	1f5afd00a5df55f670b44297169b52faa08ff8407684239b20ac900c0608e67a
om-ai.omdala.com/ios/README.md	99	1775295488	83f73396c522ffbb44c8aa8462556e26f2d11500533a963ac5b8ad62c64984fb
om-ai.omdala.com/mobile/.DS_Store	6148	1784171229	b1ddede91c5793f10b120ed6e75bc4e9fbbe7281d4184f909713eb0756a69434
om-ai.omdala.com/mobile/.eslintrc.js	769	1783610232	f4f0dcf04b734fba6deb56f1a9e0de6bbc33f2f6b7927cdb603b28a1fc70af10
om-ai.omdala.com/mobile/QA_AUDIT_VERIFIED_2026-07-09.md	8963	1783611755	e73df2e1e687f662eef5ca148097fed7547c566850f18411ed086e40c1af84e7
om-ai.omdala.com/mobile/README.md	5508	1783610242	60e76ededd6a86e489a27d4e94025e6a5624cf56fab4f79c4bad49b0cab3d1e9
om-ai.omdala.com/mobile/__tests__/App.test.tsx	2051	1783617217	439fb08f628ba472d1ef9adc78d73b3d275722a3c221a8b119b3dcd4466e6911
om-ai.omdala.com/mobile/__tests__/WebRTCService.test.ts	5441	1783617204	72aa2292aad2981721c9f18af5ff15657761737f9cc61694d3cc92de5ae662f2
om-ai.omdala.com/mobile/android/app/build.gradle	5995	1783610917	c502a377590b8448aa818d1fca8ed7a9156d8a5e9d6ae160129688993060cca9
om-ai.omdala.com/mobile/android/app/src/debug/AndroidManifest.xml	221	1783610942	2237d2cf188d43d2c75ec1ea6f0d1b807740a38c86ca36d8ea6783cd4a473d5a
om-ai.omdala.com/mobile/android/app/src/main/AndroidManifest.xml	1287	1783610920	9fe371c2b4e2643fb901fce08b94ea3b3c3d395163cfc45b25123906ad7192c2
om-ai.omdala.com/mobile/android/app/src/main/java/com/omai/MainActivity.java	619	1783610923	303a238b5687980941486d30a9417b8ad711d12b162c5e950edf8680e52b3f70
om-ai.omdala.com/mobile/android/app/src/main/java/com/omai/MainApplication.java	2312	1783610927	8307599bc420d5036afc05ff08532148395872cdaa19bd6430ae7a50d99c6c09
om-ai.omdala.com/mobile/android/app/src/main/res/drawable/rn_edit_text_material.xml	673	1783610936	5c5fb86b31b04951a5f58a1fdcf4c0cd27a48c7504da1447c1f140802361d3df
om-ai.omdala.com/mobile/android/app/src/main/res/values/colors.xml	123	1783610940	fc4dce9748d840adacc84765a1f0ce4cef27e0c7ab938cef2e33fcaf6764d2af
om-ai.omdala.com/mobile/android/app/src/main/res/values/dimens.xml	345	1783610938	bf9a4f619c537ffd91fa32987cd0bfdaf0f71e9016f9e901e2883f4ec2d97678
om-ai.omdala.com/mobile/android/app/src/main/res/values/strings.xml	67	1783610930	684547a1f1bf3a621de253e757a1b465ed0f062fa531c1e64ffb90d2ee6cfddf
om-ai.omdala.com/mobile/android/app/src/main/res/values/styles.xml	279	1783610932	c4f20def99ce8607907bd2f070b7c2d50e33a8b746e3fd8d217de10bad0b0ee2
om-ai.omdala.com/mobile/android/build.gradle	6340	1783610908	815c7b44f15de4892832f5fd89da6a56c27273fa6f8af2f8abf8867ee47714b1
om-ai.omdala.com/mobile/android/gradle.properties	1865	1783610946	936b6e73da94b889f4fb44292f2ae9f547ca60379ae2cc8f81397ccdfa7b5ac2
om-ai.omdala.com/mobile/android/gradlew	5735	1783610958	cd8163d0924ceb720b28b5784347d4b453d7a9e2a7f07528d69c49e33959fd56
om-ai.omdala.com/mobile/android/settings.gradle	247	1783610897	a0ed3617c78f8abe38139ca765e6fc46d8173a8282099746d78ee7a4dbf7b0e0
om-ai.omdala.com/mobile/babel.config.js	305	1783610228	f26fe98d5eab4b393ae6ecb8a62475f7874bfd3b011960fbb4a88858547d3686
om-ai.omdala.com/mobile/index.js	190	1783610840	07a5c87ce517eeb46cb63e7f74f22d3d5035b048dde76b87159e850b49c3f6ac
om-ai.omdala.com/mobile/ios/OmAi.xcodeproj/project.pbxproj	15295	1783611157	bc8a16ab6f2004499ca73bb9f4667ffaa8bff387564566c1fc2d7e0984b42896
om-ai.omdala.com/mobile/ios/OmAi/AppDelegate.h	434	1783611177	a077734bb4f3f7f354db820d30ca924f4af4bcd85a8a3225187bd5fdbfb2e0bf
om-ai.omdala.com/mobile/ios/OmAi/AppDelegate.mm	1810	1783611175	f7a7d57ea5ed1e3845f4816868a7a9f2cd872c6543e9528fddd6bafb8a04946c
om-ai.omdala.com/mobile/ios/OmAi/Images.xcassets/AppIcon.appiconset/Contents.json	1508	1783611189	bd60c9b06b028bd13c7eab01748a3e0f597966b0c7aef909a7882a1d494e4fcb
om-ai.omdala.com/mobile/ios/OmAi/Images.xcassets/Contents.json	62	1783611193	3068ae11b833a8ea03990d2ea2a2b5fe7b3c47fbda56de956a4b84888f6c6af8
om-ai.omdala.com/mobile/ios/OmAi/Images.xcassets/LaunchScreen.imageset/Contents.json	270	1783611191	e46a56bcebdf3d871f223b3651d1db8c466833e770100a05e70bccce3f129fd1
om-ai.omdala.com/mobile/ios/OmAi/Info.plist	2680	1783611170	53da0251a791f6835120eb0c5ba8932d34913e441eba50181610461680539067
om-ai.omdala.com/mobile/ios/OmAi/LaunchScreen.storyboard	2994	1783611186	781db195f22929ca4bc75ed1d49932d6c423a71ed51df31511a2f55c68d93123
om-ai.omdala.com/mobile/ios/OmAi/OmAi-Bridging-Header.h	2879	1783611199	0848441a3ce0488a6b5bf91d78276a0a1eee956c6471249632939fed4898ab31
om-ai.omdala.com/mobile/ios/OmAi/OmAi.entitlements	1117	1783611202	bf1721b653ec1d6dfa18acf8d6074cc81e2473c8632c31bc5b69e5bfcf24a53d
om-ai.omdala.com/mobile/ios/OmAi/main.m	393	1783611180	4e364f6f6fd5788f96fe34dc56adbdc3f8736c56f0354bee1e68e2409c8db3c5
om-ai.omdala.com/mobile/ios/Podfile	1198	1783611162	4b934b53ab775bea39e90df0c59cba89aa47af1d0f06fef81aa10a053e126e7a
om-ai.omdala.com/mobile/metro.config.js	301	1783610230	27a0f54a6f0f660519ac7aa9e47d32cbc2df218e60b50b4b604399012f4588e0
om-ai.omdala.com/mobile/package-lock.json	531254	1783615852	b1f84e427e7da792bf133410aedd9fc7ae653b17bfff39b2ba6889e14393b1f7
om-ai.omdala.com/mobile/package.json	2174	1783615850	555cacea02b8cbdbceb078914dca9c7d3cfbd1ab5a96b7c0504e77c31562e108
om-ai.omdala.com/mobile/src/App.tsx	2693	1783611026	167fda78372a8aa7984d351ab4e9e37b6872c2db5a440b8e3422e78ca81fc081
om-ai.omdala.com/mobile/src/components/common/Button.tsx	3793	1783610271	509873a78bf1df4b27a193e6f6913cf558935cf90f0b9cc6ce88eb383039488c
om-ai.omdala.com/mobile/src/components/common/Card.tsx	2198	1783610187	188f1703930344844229bae20e669c6bb4e940e90926b51457bde45cfcd9df9a
om-ai.omdala.com/mobile/src/components/common/Input.tsx	3472	1783610183	7da079847dd27d0d06f8721aac02b0256ae063a0dec7e6bed7040aff784dc50f
om-ai.omdala.com/mobile/src/components/common/StatusBadge.tsx	3155	1783610283	f156aea5ba87a4a156227bfc416d9ea1958405c345ff0824da0b66264ac75aec
om-ai.omdala.com/mobile/src/components/common/index.ts	235	1783610196	7a64eb745ee312ea68eac4cc9872b222061bb17a3544366abf7a6936a3d15c62
om-ai.omdala.com/mobile/src/contexts/AuthContext.tsx	5283	1783611033	7d0c39b47b675aa9068a103827625e7f5ee0dfb5871f79804cba85460ed958c2
om-ai.omdala.com/mobile/src/contexts/ThemeContext.tsx	3378	1783610208	ecb80f78031e2e983d05673be0a079731b061aad569336d851e21b81725ae307
om-ai.omdala.com/mobile/src/contexts/index.ts	172	1783610210	0e91a84232415e1f9c37486da96b2716ce49f5c48f803b9268a7d3829b804855
om-ai.omdala.com/mobile/src/index.ts	72	1783610226	c23ab5cd6c76ab87d77fb2c2c7c7ada7ca87b6793546b1e76caebb9009988567
om-ai.omdala.com/mobile/src/navigation/AppNavigator.tsx	4039	1783611090	7048fe50753045749c91c9cb0185ed10a61ed3774623d93fb759274e6a9b3530
om-ai.omdala.com/mobile/src/navigation/index.ts	98	1783610211	ac56d66a54829ce809666b07497c52c4f029b29d616ba96b399877d03283370f
om-ai.omdala.com/mobile/src/screens/auth/ForgotPasswordScreen.tsx	4225	1783616977	a86e1f4f2b8740d2169ec9d404fa4679f4ececfb8529b3b9ca249bf132ae1c2e
om-ai.omdala.com/mobile/src/screens/auth/LoginScreen.tsx	5693	1783616986	1f2b839267685398876be3fab77d832f36761cb1165c22f18ef9d467bfeea31d
om-ai.omdala.com/mobile/src/screens/auth/RegisterScreen.tsx	7523	1783616981	53807a1ef84c825a3fc3f982b4587959a9145ce4eded16939656bad57219df01
om-ai.omdala.com/mobile/src/screens/call/ActiveCallScreen.tsx	12279	1783616955	1a2879cd60f905c6ecd1ae648b056d72c0f3d51e0d420314f001d5a33ee1d016
om-ai.omdala.com/mobile/src/screens/call/CallSetupScreen.tsx	9594	1783611057	8da08c95b87cf19a32c803327439a37f0a09129766c39e04bc85b8f1795745f3
om-ai.omdala.com/mobile/src/screens/call/CallSummaryScreen.tsx	13562	1783611079	47245e6805fd71de05a692b90ec820d989ecf771d6263ef48d103afebbae4bf2
om-ai.omdala.com/mobile/src/screens/index.ts	895	1783611082	1e3af32a64b79f77bd4ffb3c6aeac4c9773fe3f8f991423269206fcaca825961
om-ai.omdala.com/mobile/src/screens/main/AgentsScreen.tsx	13427	1783611093	2d3f6abe0846046fb615b9878ca94d7168f49f2e964a09077d496211ee78c32d
om-ai.omdala.com/mobile/src/screens/main/BusinessScreen.tsx	19641	1783617123	1be5366819cfcf89fd38e5ee79e8c3c33b78857fb249595209887871f33a2870
om-ai.omdala.com/mobile/src/screens/main/CoachingScreen.tsx	12016	1783617010	315301eb6f0a5c4bed7c350fb2a480cd18d9fd24a518e0f267a3961ed8dbeb24
om-ai.omdala.com/mobile/src/screens/main/HomeScreen.tsx	14724	1783616970	96587586e524ce0123ba0d6d14ec5b6b1cfa56a73a04dcc8812042bc19b8b613
om-ai.omdala.com/mobile/src/screens/main/LearningScreen.tsx	11917	1783617018	f4289c86a747076f85591864f976e2932c5211d043d55cf41e6a83da6883101d
om-ai.omdala.com/mobile/src/screens/main/ProfileScreen.tsx	16486	1783617180	b4bae0e57dcca239958f01fd61f89b4cb0f35e21e0d4761b93c16ea52cc0984d
om-ai.omdala.com/mobile/src/services/api.ts	8534	1783611049	dc72be5f482ce8daa9ba7c492ab067184fdb1c6d2966afb141fc19a0cce090fa
om-ai.omdala.com/mobile/src/services/webrtc.ts	7849	1783616958	4e1b1b205c5f2ca637359daea7897ce5d40d51d4f14e4c1bfb2490dcff0b3839
om-ai.omdala.com/mobile/src/types/index.ts	11489	1783615872	0a054aa36d1f8bacc8c373f298268f98fbbb7d12495a61bc0bbb6cd83060166a
om-ai.omdala.com/mobile/tsconfig.json	572	1783610234	4fe55e0285a14cc44e3f00792100ea8505990e4dc5343760b87acf7904bf9d7a
om-ai.omdala.com/omai/omai.xcodeproj/project.pbxproj	23186	1777280066	1018f3518d86c64b7756737903bdc23eb064d5e9ffc840d368c3f6c73deb6d00
om-ai.omdala.com/omai/omai.xcodeproj/project.xcworkspace/contents.xcworkspacedata	135	1777280067	7f3b00b5c3fdb45242d7b87e1e5c4e25d1fa8129a16c94295ecc4e8ea2235c5f
om-ai.omdala.com/omai/omai.xcodeproj/project.xcworkspace/xcuserdata/tranhatam.xcuserdatad/UserInterfaceState.xcuserstate	12804	1777287274	5ee902026fa693d007be0a2437a94999e7d112badee87d2beb6bfe95a0f79d10
om-ai.omdala.com/omai/omai.xcodeproj/xcuserdata/tranhatam.xcuserdatad/xcschemes/xcschememanagement.plist	339	1777280071	28fac6d4ef4b766d19fec51de49c2a175be2cadcfa3c7c32ed4ac3780cebe02c
om-ai.omdala.com/package-lock.json	13112	1775330300	c529c4536012a341bc30f190715cfd1a66ef74f4f0f6149f13fba18677da7343
om-ai.omdala.com/package.json	2409	1775402191	37ddc649b6a0637da5dde8ef2e896939e1d5e88fb6b16e2c171423158ac399f5
om-ai.omdala.com/release-notes-v2026.04.04-rc.1.md	399	1775244336	8286f59951d8c2de291183ea779c5ce089d87bdb0a869cad1da026c806671182
om-ai.omdala.com/wrangler.toml	318	1780757042	82699b795097f14a601ec976373c3f9fcaeee16197692b90aa86b16bad8ea148
omniverse.omdala.com/.DS_Store	6148	1784169437	625c1547d64b542b8da2cfac8a7d1424955b9c380ca37c2aa46ea81adbfd7b52
omniverse.omdala.com/web/.DS_Store	6148	1784169393	3447b20a18a0c73414e2b25c061855fd322497f1fda593e2863bc0eb79491c1a
omniverse.omdala.com/web/next-env.d.ts	211	1778133863	f2b3bca04d1bfe583daae1e1f798c92ec24bb6693bd88d0a09ba6802dee362a8
omniverse.omdala.com/web/tsconfig.tsbuildinfo	120721	1778134195	d29d9fd08ba38786a229febace52390ff46d8e2a34d81a2e72cadd4e1f00bec0
package.json	1117	1780024308	a65319a8461aaa1ce262beb0dedaf6a93ae00673decf1af74805cad8167e8618
packages/core/package.json	370	1774775134	5bb7944744fdaede4f3edca52eae1442026018e3688a8b01eccae9e2be517f60
packages/core/src/agent	6544	1783165932	6b65c1e1ae76722fe5b2eb126b6afaba5841452aa8ed41e16dc2e933b40459b9
packages/core/src/agent-	6544	1783165932	6b65c1e1ae76722fe5b2eb126b6afaba5841452aa8ed41e16dc2e933b40459b9
packages/core/src/agent-orch	6544	1783165932	6b65c1e1ae76722fe5b2eb126b6afaba5841452aa8ed41e16dc2e933b40459b9
packages/core/src/agent-orchestr	6544	1783165932	6b65c1e1ae76722fe5b2eb126b6afaba5841452aa8ed41e16dc2e933b40459b9
packages/core/src/agent-orchestrator 2.ts	11915	1779952254	17b79acf5f2a36daabc4b01143f32aea794624611225405a4fb8ec870193196d
packages/core/src/agent-orchestrator.ts	6586	1783405961	b2dc291ceee012d8048c0ac98c1d5d6957f54b2408fca8d65ed9aa73f7e8c9fb
packages/core/src/ai-gateway.ts	10022	1779949160	30a5f1d1e279cb815d2f14c74befab5ddd702be021a7ad709ce709b558afa822
packages/core/src/ci-pipeline.ts	7942	1779952935	637208b79ac35333ff7c2f35071f3ebc32b7e0eebdb50dc620be232943a3e0b3
packages/core/src/context-engine.ts	15181	1779952623	9385850b74a92774aca1773d8ceb609a0376e8d0e37ec003891c661330d47c10
packages/core/src/cost-dashboard.ts	9643	1779953144	85cc3afd19fcde8b407f366eaf7f1b3122f3150666ec164b5d22cbf564eca9fe
packages/core/src/demo-data.ts	12558	1775818286	a3e4e6260584dbc92eff335e8ca0f6fdb2b56bba5bb3855ad0bdbb0d36ace9f6
packages/core/src/eval-auto-fix.ts	8457	1779953171	c8e9a5447d8a835ecd2f2aad6b828cc255d6e5a7568c6515bcceebe1ddec3d3c
packages/core/src/foundation.ts	286	1774894834	f8acff2477a858eb78ba7e7fc7527d184e91bc996315782a52d2f81ab486351f
packages/core/src/git-approval-workflow.ts	11134	1779953204	169dbbcbcde8cb31ed336a5c622ce58a8c5f4269972bad38b9326f53a1ec81f0
packages/core/src/i	3050	1783165905	ec1174d647b2828fcd86c5d9a7eaddc1d40fdafc69ae215ac7da8eae2d71cf4c
packages/core/src/i18	3050	1783165905	ec1174d647b2828fcd86c5d9a7eaddc1d40fdafc69ae215ac7da8eae2d71cf4c
packages/core/src/i18n 2.ts	3061	1775819970	8a8c5f9127d479cb93d7264c51e5f949107c5f5a6a1a25d83a57cf9b9ba4eace
packages/core/src/i18n.ts	3050	1783405961	ec1174d647b2828fcd86c5d9a7eaddc1d40fdafc69ae215ac7da8eae2d71cf4c
packages/core/src/index.ts	3712	1779953178	aab2bfffb26217c19ba898b0ca554333cadc80b4d1ffb2358033bf92c7393f30
packages/core/src/mail.ts	1391	1775461319	60baadd0c61d994cda3942a77362be9017670b97a2faa3261930d3984b6f76d6
packages/core/src/memory-security.ts	9720	1779952985	0f61b428148ed436c003ecb787c5c2e16fe7ba7832b85d9eceb616dacfda0f2a
packages/core/src/model-router.ts	16007	1780075828	c109202bc8d1bf069f95bc6bd8e21d463217bbf10d4128085e4025410aa58006
packages/core/src/navigation.ts	634	1774808034	becc3c530e835d0e24cb80ab978edf2b10216a0108146a2d38a1d68ef611e6b1
packages/core/src/om-ai-billing.ts	2152	1775753370	ffce4fa4f3c965de386f62020be308ca3792be9b432c8ceba434636d92996dd0
packages/core/src/om-ai-provider-routing.ts	4231	1775757580	687ce89d53c50f528de45890658b68cf48ad6bf7dec392e8433787b41ee3521c
packages/core/src/permission-layer.ts	10124	1779952648	baf3427358e0f1e34f066f1c4fa143485552328a6b38f0b25b58b398cf3f5217
packages/core/src/routes.ts	782	1774808025	5885cb211cc3a97ffbcd0b66f250a27d41843825c98c2a57311d8d4edb59dd9d
packages/core/src/task-classifier.ts	7564	1779949228	9b3f26f8c55ab859035d5dbdf1e0225cd388c5d0c76d6a64d121fc26da06c8f8
packages/core/src/theme.ts	5654	1779934197	55a4638ad08a2c17dc30b7ccdd469beaa89bd550cc404abdd3bba88c687cd3c4
packages/core/src/vi-dictionary.ts	14545	1779934739	d4aa86a9944a6c2fce2436377748234036191182c13e5b9a7ef6116095b557fd
packages/core/tsconfig.json	125	1774773805	6b686f14920f00d037ac00069d03924b45e6fdc0bd613bbbd687fc382f8e42f2
packages/seo/package.json	348	1774809719	97c3a73e12e744a63d96f7619aa511a4cb5f7f4882716b0edf55c547013f32a3
packages/seo/src/constants.ts	650	1776408287	6b18ecb33c36c1841f5c7d29de6170a22c4b6c307dfa1abfa4fec0630140879d
packages/seo/src/index.ts	559	1774809713	ca1b9205a2343dc0b0caeaee25eb9cf7349ad81dc02849f320e6b3b49306e0aa
packages/seo/src/metadata.ts	1557	1774809699	0e320e7fa477c72c627bcd3c500e981eec32b498de0359968808008cb28b5c76
packages/seo/src/schema.ts	1952	1774804970	73cf61d95cd7f6b464bb0edb2b8fc6f67a6f90eb7fa93b3cc780d515d9f0a4af
packages/seo/src/utils.ts	1831	1775819989	3b1c4669966ada2caeebe8175eea29b0a27ceb4536e0f303a00d5d244f4b9b45
packages/seo/tsconfig.json	243	1774768479	d87ee0e37fcae56d0e39072eb26dc7a89cbf06a1faaf4c9565f720dda1960e55
packages/storage/package.json	369	1783319124	2d547a2d5aadd2554e1d13b57f94bc8f52d41da83e7c9517f786b5fd164b72f9
packages/storage/src/index.ts	2440	1783405961	5425881ed227dc82950d4d21a4cb4d428310f2c4050639ac04608be67a4ae063
packages/storage/tsconfig.json	125	1783405961	6b686f14920f00d037ac00069d03924b45e6fdc0bd613bbbd687fc382f8e42f2
packages/types/package.json	286	1774768479	ee53056d5539304a23148fe49f3da5e0b5f517cc0213c1f2d99fda9dfad3da65
packages/types/src/index.ts	11094	1775758557	7b0b12003fb910e3129025fdaaf16af65c8bf9077e3d86612e8834ef1d79f4a4
packages/types/src/om-ai.ts	10345	1775805251	7e90ff9410d9651780f1cbfdfc42e9bdb95113e31297cb647fa5092c2c2a435b
packages/types/src/omniverse.ts	10520	1775366097	b3de093451af1cc174d05ce1a0a0fe0a300bc1f6d2890a32aaef34841ef8352a
packages/types/tsconfig.json	243	1774768479	d87ee0e37fcae56d0e39072eb26dc7a89cbf06a1faaf4c9565f720dda1960e55
packages/ui/README.md	54	1774755371	80c19446db5bde3238e4a720112a2c250c90b0946204473f419fc7c065d8f6ac
packages/ui/package.json	435	1774809734	24f34657fb22af6989c536f4a64ae02f5c0878e7b8f86af9ca513fea0355f27a
packages/ui/src/components/AICommandPalette.tsx	11018	1779934324	ad82ddde548aff1afed658cfc5addc6613eff9d5bd9e87aea084d87799a73e9a
packages/ui/src/components/DocumentLanguageSync.tsx	1082	1776951276	e03f715cf4789b12120029174b55acc3c1862b39a1b1d8c7af12b2bbe967d127
packages/ui/src/components/LinkSEO.tsx	1315	1774809590	241eae746634d1803c308dce722b485cf95bde45d382befcdba9ee299173707c
packages/ui/src/components/SchemaScript.tsx	800	1774809726	e92a5ab791ac27d7141a648cc67191d56641cf2f115238e3d9ad7488731689b6
packages/ui/src/components/SmartButton.tsx	3860	1779934541	d804fb0013eb0eb4e1cb8229ac433e33265492a9e396b8e7f4ff47c59f75ebe0
packages/ui/src/components/SmartCard.tsx	1514	1779934556	8ce38a03cc0ed31f9676f75e7b140ef75416c4e90673489e236237b765d867b1
packages/ui/src/components/SmartInput.tsx	2957	1779934571	1bbcc40419ee8965c61d6ae73a9236e58caf2321d27a57ec52b0d881bd7db940
packages/ui/src/copy/auth-copy.ts	9549	1776951405	aa0361ee648f602e5abee0543c3ce0148ec4c9bdfc6e7fe06c260d346598f0ac
packages/ui/src/copy/bilingual.ts	1656	1776951402	2a4645fd383ed2475838cb573c7f8f8c6149c7ac3b879615c37c86cabe932705
packages/ui/src/copy/shared-ui-copy.ts	1035	1776943117	c1a9f749643903b133376cb5b00beeeccdeeb234b8e0502cf51a2ac3bec3370f
packages/ui/src/index.ts	923	1779934581	fe98e3a016a894e8feef31b76e2a092b86039defe8cd035b951508c6a9714a2c
packages/ui/tsconfig.json	355	1774768479	16699b267fa5af06e219f21ef1fdb84ef18739c36b3b12e90d80d4435462c1cc
pnpm-lock.yaml	112840	1783166826	7f2cafc6a52a644e09e07bd1a44c802ee31c2433e1419bc83a261b8c169eef8c
pnpm-workspace.yaml	57	1779183959	546c8372af033724aad9e65de39453a80a8bbb9a9cc36492fd02199ce61a42db
scripts/bilingual-founder-report.mjs	1382	1779203478	5704582f24a37d2b215fc973e8f2fd275ef1755ffc7a20ae7b9bfb0451800818
scripts/bilingual-hardcode-scan.mjs	1260	1779203471	1c5fab807842a6c1fb8cf09e059d6db0449176494cc87d520d859b41be05809f
scripts/bilingual-public-audit.mjs	1082	1779203474	aeca2149a7ead63e2470121cc17fac2284bc0cb60e19503af9e42ce77d9ecb06
scripts/bilingual-source-check.mjs	1216	1779203468	31e0494ac4f6275413a60271f695cb053f5a82ad2c1c840368bbe2989b4d8508
scripts/brand-lint-omdala.sh	6852	1778544186	35fc66a5c898800e3388e2ff48b8fa1f91699725c71f548b2e23526db2624ab0
scripts/build-static.mjs	879	1778220857	cf8a2094ebf54ef64f5764baaddebea609f791375259c1d4d149669e09aa98e8
scripts/dev-server.mjs	4806	1778220857	377fa027396dca09e8d73ceb43cee913f0eea340447a285edb2c7c0544773bc8
scripts/omcode-launch.sh	775	1780024283	bd4ffb5fdf6ea6805d115c4d78c4d9f7646678d1d1bc4dd22bcb2253a08f94af
services/ai/package.json	411	1775754663	269441179f3fbd0994f31045f62db424afa712b38c95c4db27ee5606cd184b3d
services/ai/src/index.ts	2774	1775818255	e741023b31ee53e3488af73c4fa1999106149e86639e7c3b3ddf67878f694e2f
services/ai/tsconfig.json	145	1774789419	8459bfd80ea6fdf439f11690df0623efdf5c2e3ce7adb211901b3f3af638ec2b
services/api/README.md	232	1778220857	0ea3a1078b8b66618a2fa0eb36aa4be787a185c649e5b231bb7b96d3c534abe6
services/api/package-lock.json	55446	1779046132	529607483c03cd96a18920a1dcfd26fb97c0fafe4f013115d056980be283a17b
services/api/package.json	487	1783319124	67114352dfbc3a224ed615f4c276db7ca3b75649de656fa980a8d42ad0f2b327
services/api/src/ai-connectors.ts	18407	1779933692	3f6c3a309127dafb32c258903079e9099c15fb3a5bdcd14773485b4a789b7561
services/api/src/brand-exchange/repository.ts	27998	1783405961	6f0d5321030ec15fc45ae0349365253e28a531111de04b765d59de0618c748a3
services/api/src/brand-exchange/routes.ts	20695	1783405961	f2de5c9a897b8cf68d90471c894e383fea428725d460515113b0d167a54be036
services/api/src/brand-exchange/types.ts	4295	1783405961	8afce269e0c880ca04bba7f9313a21046322d55025eaf3caae659128dd1a7415
services/api/src/circuit-breaker.ts	5100	1779933653	51ebaedbd86872ec52440b75592ca061e5225adeb5e6d25911ac4493cf61d403
services/api/src/contracts.ts	2844	1783405961	d7a56b1891f2e57f255345715dcf0665c10ed8fba591b37df1fac2d2f1190a72
services/api/src/db/client.ts	1395	1775228689	57e3a5c7c0479a1c5e51c67c68e6db974728bf7a52643f0ebfc4418c919f1b2c
services/api/src/db/errors.test.ts	1341	1775228803	11f395f6b56007aeb2e1152dabfc38fd6b06ac019efde009ea1c7236da3ad7a6
services/api/src/db/errors.ts	4865	1775228716	46e13972f4d20f73b84a4507c5fc899e5dddb7d8897bcc1bc4885d28b1095e7b
services/api/src/db/reality-repository.test.ts	1032	1775224044	0911cb7c47bc095cd0dde0c3175cde66c4c3f104fc4ce3528d9bf276f38247b3
services/api/src/db/reality-repository.ts	11941	1775228689	5518090cb78e76abc0570c083877ba4b16625983978788bcd5e491f5b5f60374
services/api/src/index.ts	80836	1783405961	c37bba08c97e9740d011ee6292aef624e8013f53323d97a7d6a3d78685108a3b
services/api/src/index.v2.db-errors.test.ts	3447	1776580508	8748f8d562499a3dd76893811b97874f6307c5bfeb2d4bea03669603219782fd
services/api/src/index.v2.test.ts	5052	1775229134	39d1d57bf3665e8ea471c44fd666edcd0fb9d95630b226ce05bf4a65a115ffda
services/api/src/oauth.test.ts	5330	1779778252	c4a6e54f649f89333511b1aec5879032cb048ab2b8cb1c85be81606d1fd11b97
services/api/src/provider-registry.ts	4724	1775805251	18941bc37739bc47e99d02076fd78aeb0e07e6e0a6f19841c12321987cdebdc7
services/api/src/provider-routing.test.ts	7950	1775805251	48728e87060b3279da52734c8220b462b993148c1c3ea3746ae578f81b0c111f
services/api/src/security.ts	11692	1779933899	9acec1cd798c1a5bbc3fdae380b6b6fb75ca0f370d531935e414c8c03fc9cf91
services/api/src/shared-core-contracts.test.ts	5489	1775758682	7bb1e71b642ccb687423a36fd950a3fc057ae46ce8e039267c7baf1d69a06ced
services/api/src/stub.ts	1905	1774808858	d84e6ea2b5a729934b7cdfaf549492d18ecbe4d246885d70f79da640c70c5caa
services/api/tsconfig.json	404	1779786407	5cbb209cb83c75ca375c295e2fa3c4dbbb7673ae7060116455ca3a419e02af08
services/api/wrangler.toml	298	1783405961	5b14e1545ea6f22d42580faea62d494b40dcb9db1709393262af03440efa3d63
services/auth/package.json	378	1774773805	ef9d57a8a00817de4618c8d32d75f086a14f31373c71b96ddff7072cb1019078
services/auth/src/index.ts	1216	1775462495	aaa9b1a97aefdd73233d4ed9c9a922f1bff04781a74c4ae9e07dcb5b67e1382e
services/auth/src/jwt.ts	5166	1775462507	556774d887fa5246c66fbad576f4aef7825aea55636838d6f463ee20d033ac89
services/auth/src/magic-link.ts	4663	1775366808	e87d7fb7e8886ee52822e5d3bfba42b2688be2fccbdc0681ad61817f5eb0097d
services/auth/src/session.ts	3843	1775462523	e13567cc452392fd87a800a820c3776ef90f4da6e7e0db4508ab0bf605ebc992
services/auth/tsconfig.json	155	1775366855	9bcd2b76b64bbc675119fe4732e367f91e35a9e9641e8a7648166da36167df6d
services/matching/package.json	382	1774774150	dc07c9d1cf1767625074c606651f635c7beed908c662a93bd9b67002f64f157a
services/matching/src/contracts.ts	445	1774808788	2b96861c93a4ce7d9a4d213c0ec1cd8fcf5affe9cfcb79c7efc9a97d2bf8ddd5
services/matching/src/index.ts	670	1774808822	071cb3eb9518c6615093b43832c4ec49a88a2cf97a3f72e06d28509bb151fab1
services/matching/src/stub.ts	3945	1775818266	59628c3e48ac2c4b94aa945014d6e28187daa412880a20eae2ed1a79f31f8425
services/matching/tsconfig.json	125	1774774150	6b686f14920f00d037ac00069d03924b45e6fdc0bd613bbbd687fc382f8e42f2
services/notifications/package.json	387	1774789419	83e6f05af4243ecaabb2f9e4f9c4169eb34645091046b23a21c3ba48e7ac5e0c
services/notifications/src/index.ts	1220	1775818246	dd4b5ac8d0e29b5d41bf9a275db664bcd6a4e64326bf9e44690dd73429e0febc
services/notifications/tsconfig.json	145	1774789419	8459bfd80ea6fdf439f11690df0623efdf5c2e3ce7adb211901b3f3af638ec2b
services/trust/package.json	379	1774774150	1b1e61fe88ce124b0c80cd537686cd6f868edd97ab507b9009847bb5cffcba59
services/trust/src/contracts.ts	616	1774808764	33875e1452128e40c5b9a6c28676b2f55ad95c839d5f8b9fc80df59c57d6df39
services/trust/src/index.ts	800	1774808784	1cb7dc7734d6e6234c9b56e91f32b801844d3979d76b408658164219ffa618c1
services/trust/src/stub.ts	3226	1775818271	592935fbc8c161fe61eb4653aa37afc2badd50daddbd33fae9554c48b5dd4e12
services/trust/tsconfig.json	125	1774774150	6b686f14920f00d037ac00069d03924b45e6fdc0bd613bbbd687fc382f8e42f2
styles.css	6504	1778544037	5112f2f3d5260cd0264673abd8cba64a9c9e691c3d1847729b8b60f9bf0b7598
tsconfig.base.json	354	1779952402	3aa50647a8854cd195f0fb04219228eadae886087f231d1d2a6874a79e2406b4
